subject,session,experiment_phase,event,trial_index,noun,noun_type,noun_category,environment,test_condition,response,time_to_respond,log_num,log_time
SC000,0,STUDY1,ENCODING_LONG,0,STARFISH,ANIMATE,aquatic_species,beach,SAME,A,1646.54426346533,0,326539.90196890547
SC000,0,STUDY1,ENCODING_LONG,1,SWEATER,INANIMATE,clothing,canyon,REARRANGED,S,2026.3932705274783,0,326546.9655656755
SC000,0,STUDY1,ENCODING_LONG,2,PIG,ANIMATE,mammals,sand_dunes,REARRANGED,A,2731.5405050176196,0,326554.724498473
SC000,0,STUDY1,ENCODING_LONG,3,JELLYFISH,ANIMATE,aquatic_species,beach,REARRANGED,A,2042.125987529289,0,326561.7928325245
SC000,0,STUDY1,ENCODING_LONG,4,TOILET,INANIMATE,furniture,sand_dunes,SAME,S,1870.8325129700825,0,326568.694964426
SC000,0,STUDY1,ENCODING_LONG,5,SKUNK,ANIMATE,mammals,beach,SAME,A,1827.747676987201,0,326575.549750969
SC000,0,STUDY1,ENCODING_LONG,6,OVERALLS,INANIMATE,clothing,beach,SAME,S,1757.8370559494942,0,326582.338971235
SC000,0,STUDY1,ENCODING_LONG,7,PARROT,ANIMATE,birds,canyon,SAME,A,2136.8551625637338,0,326589.50184078154
SC000,0,STUDY1,ENCODING_LONG,8,APPLE,INANIMATE,food,beach,REARRANGED,S,1457.588458491955,0,326595.9915070675
SC000,0,STUDY1,ENCODING_LONG,9,WOLF,ANIMATE,mammals,canyon,SAME,A,2327.182351029478,0,326603.348667706
SC000,0,STUDY1,ENCODING_LONG,10,TABLE,INANIMATE,furniture,canyon,SAME,S,1925.8206970407628,0,326610.300145342
SC000,0,STUDY1,ENCODING_LONG,11,SHRIMP,ANIMATE,aquatic_species,sand_dunes,SAME,A,1429.1519680409692,0,326616.755603738
SC000,0,STUDY1,ENCODING_LONG,12,MITTEN,INANIMATE,clothing,canyon,SAME,S,3268.5888555133715,0,326625.0540068955
SC000,0,STUDY1,ENCODING_LONG,13,MUFFIN,INANIMATE,food,sand_dunes,REARRANGED,S,2851.419418002479,0,326632.948713831
SC000,0,STUDY1,ENCODING_LONG,14,HONEY,INANIMATE,food,canyon,SAME,S,2497.6215100032277,0,326640.470037409
SC000,0,STUDY1,ENCODING_LONG,15,CARPENTER,ANIMATE,people,beach,SAME,A,2071.206928056199,0,326647.58113397704
SC000,0,STUDY1,ENCODING_LONG,16,WHALE,ANIMATE,aquatic_species,canyon,SAME,S,2055.801214009989,0,326654.664614037
SC000,0,STUDY1,ENCODING_LONG,17,PIZZA,INANIMATE,food,canyon,REARRANGED,S,1528.6236875108443,0,326661.2241879275
SC000,0,STUDY1,ENCODING_LONG,18,FLAMINGO,ANIMATE,birds,sand_dunes,REARRANGED,A,1823.78785853507,0,326668.07644258754
SC000,0,STUDY1,ENCODING_LONG,19,GIRAFFE,ANIMATE,mammals,beach,SAME,A,1667.0931880362332,0,326674.770974513
SC000,0,STUDY1,ENCODING_LONG,20,YOGURT,INANIMATE,food,canyon,SAME,S,1459.8807464935817,0,326681.2710886245
SC000,0,STUDY1,ENCODING_LONG,21,NECKLACE,INANIMATE,clothing,sand_dunes,SAME,S,2158.625790500082,0,326688.4565170295
SC000,0,STUDY1,ENCODING_LONG,22,HAWK,ANIMATE,birds,canyon,REARRANGED,A,1827.6238964754157,0,326695.3154693895
SC000,0,STUDY1,ENCODING_LONG,23,PRIEST,ANIMATE,people,sand_dunes,REARRANGED,A,1898.818596964702,0,326702.238909792
SC000,0,STUDY1,ENCODING_LONG,24,PILOT,ANIMATE,people,beach,REARRANGED,A,2762.093604018446,0,326710.033550256
SC000,0,STUDY1,ENCODING_LONG,25,CHAIR,INANIMATE,furniture,canyon,REARRANGED,S,1899.0168675081804,0,326716.9728385065
SC000,0,STUDY1,ENCODING_LONG,26,SHARK,ANIMATE,aquatic_species,sand_dunes,SAME,A,1604.270899493713,0,326723.60151765647
SC000,0,STUDY1,ENCODING_LONG,27,STROLLER,INANIMATE,vehicles,canyon,REARRANGED,S,1417.5951154902577,0,326730.0588035315
SC000,0,STUDY1,ENCODING_LONG,28,SOCK,INANIMATE,clothing,canyon,SAME,S,1517.6171364728361,0,326736.6040233745
SC000,0,STUDY1,ENCODING_LONG,29,PILLOW,INANIMATE,furniture,sand_dunes,REARRANGED,A,1963.3593275211751,0,326743.6092178945
SC000,0,STUDY1,ENCODING_LONG,30,JUDGE,ANIMATE,people,canyon,REARRANGED,A,2415.615047502797,0,326751.0525296025
SC000,0,STUDY1,ENCODING_LONG,31,FOX,ANIMATE,mammals,canyon,REARRANGED,A,1409.0398009866476,0,326757.489617268
SC000,0,STUDY1,ENCODING_LONG,32,HELICOPTER,INANIMATE,vehicles,beach,SAME,S,1641.290845000185,0,326764.160203653
SC000,0,STUDY1,ENCODING_LONG,33,AMBULANCE,INANIMATE,vehicles,beach,SAME,S,1480.1474909763783,0,326770.665625543
SC000,0,STUDY1,ENCODING_LONG,34,TOGA,INANIMATE,clothing,sand_dunes,REARRANGED,S,1758.1943414988928,0,326777.4531087315
SC000,0,STUDY1,ENCODING_LONG,35,DANCER,ANIMATE,people,beach,SAME,A,1330.2746679983102,0,326783.808748033
SC000,0,STUDY1,ENCODING_LONG,36,OCTOPUS,ANIMATE,aquatic_species,canyon,SAME,A,1803.5342390066944,0,326790.639502421
SC000,0,STUDY1,ENCODING_LONG,37,WAGON,INANIMATE,vehicles,sand_dunes,SAME,S,2419.686178502161,0,326798.0874237725
SC000,0,STUDY1,ENCODING_LONG,38,WOODPECKER,ANIMATE,birds,sand_dunes,SAME,A,1625.3675395273603,0,326804.7555764605
SC000,0,STUDY1,ENCODING_LONG,39,TURKEY,ANIMATE,birds,beach,SAME,A,2169.1188950208016,0,326811.951194406
SC000,0,STUDY1,ENCODING_LONG,40,STOOL,INANIMATE,furniture,sand_dunes,SAME,S,1563.3961645071395,0,326818.5397057575
SC000,0,STUDY1,ENCODING_LONG,41,JEEP,INANIMATE,vehicles,canyon,SAME,S,1246.8209604849108,0,326824.81650202547
SC000,0,STUDY1,ENCODING_LONG,42,CAKE,INANIMATE,food,sand_dunes,SAME,S,1530.3183420328423,0,326831.372493682
SC000,0,STUDY1,ENCODING_LONG,43,EEL,ANIMATE,aquatic_species,sand_dunes,REARRANGED,A,1280.245129019022,0,326837.682053969
SC000,0,STUDY1,ENCODING_LONG,44,ROCKET,INANIMATE,vehicles,sand_dunes,REARRANGED,S,2118.3757170219906,0,326844.82476040104
SC000,0,STUDY1,ENCODING_LONG,45,HEN,ANIMATE,birds,canyon,SAME,A,1683.4068560274318,0,326851.535700201
SC000,0,STUDY1,ENCODING_LONG,46,SKIRT,INANIMATE,clothing,beach,REARRANGED,S,1340.2911779703572,0,326857.917690966
SC000,0,STUDY1,ENCODING_LONG,47,CROW,ANIMATE,birds,beach,REARRANGED,A,2222.5608060252853,0,326865.168296364
SC000,0,STUDY1,ENCODING_LONG,48,PANTS,INANIMATE,clothing,beach,SAME,S,1462.1245619491674,0,326871.65799279197
SC000,0,STUDY1,ENCODING_LONG,49,JAGUAR,ANIMATE,mammals,sand_dunes,SAME,A,1797.4728280096315,0,326878.48467715504
SC000,0,STUDY1,ENCODING_LONG,50,TANK,INANIMATE,vehicles,canyon,SAME,S,1754.0241305250674,0,326885.2663969125
SC000,0,STUDY1,ENCODING_LONG,51,MIRROR,INANIMATE,furniture,canyon,SAME,S,1762.9710214678198,0,326892.0671470155
SC000,0,STUDY1,ENCODING_LONG,52,SINGER,ANIMATE,people,sand_dunes,SAME,A,1693.0702469544485,0,326898.79045
SC000,0,STUDY1,ENCODING_LONG,53,BULLDOZER,INANIMATE,vehicles,beach,REARRANGED,S,2150.623560475651,0,326905.9809925305
SC000,0,STUDY1,ENCODING_LONG,54,BUFFALO,ANIMATE,mammals,sand_dunes,SAME,A,1606.6363559802994,0,326912.61211458
SC000,0,STUDY1,ENCODING_LONG,55,ALMOND,INANIMATE,food,beach,SAME,S,2630.940160539467,0,326920.27360506554
SC000,0,STUDY1,ENCODING_LONG,56,KETCHUP,INANIMATE,food,beach,SAME,S,1972.3689149832353,0,326927.273153694
SC000,0,STUDY1,ENCODING_LONG,57,KOALA,ANIMATE,mammals,canyon,SAME,A,1484.7620209911838,0,326933.785753078
SC000,0,STUDY1,ENCODING_LONG,58,GRILL,INANIMATE,furniture,beach,SAME,S,1380.3859510226175,0,326940.193727597
SC000,0,STUDY1,ENCODING_LONG,59,OFFICER,ANIMATE,people,sand_dunes,SAME,A,1499.1717640659772,0,326946.73243053805
SC000,0,STUDY1,ENCODING_LONG,60,DRYER,INANIMATE,furniture,beach,REARRANGED,S,1658.3303539664485,0,326953.417942667
SC000,0,STUDY1,ENCODING_LONG,61,SANDAL,INANIMATE,clothing,sand_dunes,SAME,S,2119.987061014399,0,326960.564016619
SC000,0,STUDY1,ENCODING_LONG,62,CLOWN,ANIMATE,people,canyon,SAME,A,2110.8288894756697,0,326967.71456346347
SC000,0,STUDY1,ENCODING_LONG,63,SEAL,ANIMATE,aquatic_species,beach,SAME,A,1726.765958010219,0,326974.467206089
SC000,0,STUDY1,ENCODING_LONG,64,JAM,INANIMATE,food,sand_dunes,SAME,S,1567.7605855162255,0,326981.0623485405
SC000,0,STUDY1,ENCODING_LONG,65,TRACTOR,INANIMATE,vehicles,sand_dunes,SAME,S,2010.0894150091335,0,326988.100406253
SC000,0,STUDY1,ENCODING_LONG,66,OVEN,INANIMATE,furniture,beach,SAME,S,1985.3484785417095,0,326995.1140628185
SC000,0,STUDY1,ENCODING_LONG,67,ROBIN,ANIMATE,birds,sand_dunes,SAME,A,2315.866767487023,0,327002.4606227535
SC000,0,STUDY1,ENCODING_LONG,68,SLUG,ANIMATE,aquatic_species,canyon,REARRANGED,A,1423.4749034512788,0,327008.90925240447
SC000,0,STUDY1,ENCODING_LONG,69,PANDA,ANIMATE,mammals,beach,REARRANGED,A,1905.7231869664975,0,327015.842345304
SC000,0,STUDY1,ENCODING_LONG,70,SEAGULL,ANIMATE,birds,beach,SAME,A,1573.5636324970983,0,327022.4443664305
SC000,0,STUDY1,ENCODING_LONG,71,STUDENT,ANIMATE,people,canyon,SAME,A,1313.42419446446,0,327028.7891490405
SC000,0,STUDY1,ENCODING_LONG,72,PIZZA,INANIMATE,food,canyon,REARRANGED,S,1492.1252075000666,0,327035.3086152305
SC000,0,STUDY1,ENCODING_LONG,73,HEN,ANIMATE,birds,canyon,SAME,A,1757.837634475436,0,327042.0942861645
SC000,0,STUDY1,ENCODING_LONG,74,ALMOND,INANIMATE,food,beach,SAME,S,2761.486725474242,0,327049.8844675455
SC000,0,STUDY1,ENCODING_LONG,75,CARPENTER,ANIMATE,people,beach,SAME,A,1799.383667006623,0,327056.70940663
SC000,0,STUDY1,ENCODING_LONG,76,ROBIN,ANIMATE,birds,sand_dunes,SAME,A,2994.479114015121,0,327064.74369334104
SC000,0,STUDY1,ENCODING_LONG,77,HAWK,ANIMATE,birds,canyon,REARRANGED,A,1371.6253385064192,0,327174.7925827345
SC000,0,STUDY1,ENCODING_LONG,78,STOOL,INANIMATE,furniture,sand_dunes,SAME,S,1591.8795730103739,0,327181.425616945
SC000,0,STUDY1,ENCODING_LONG,79,STARFISH,ANIMATE,aquatic_species,beach,SAME,A,1074.9448714777827,0,327187.5279003575
SC000,0,STUDY1,ENCODING_LONG,80,JAGUAR,ANIMATE,mammals,sand_dunes,SAME,A,2394.8838704964146,0,327194.9508065395
SC000,0,STUDY1,ENCODING_LONG,81,SANDAL,INANIMATE,clothing,sand_dunes,SAME,S,1398.4364269999787,0,327201.381187662
SC000,0,STUDY1,ENCODING_LONG,82,NECKLACE,INANIMATE,clothing,sand_dunes,SAME,S,1961.0010650358163,0,327208.370243097
SC000,0,STUDY1,ENCODING_LONG,83,PANDA,ANIMATE,mammals,beach,REARRANGED,A,1172.0382010098547,0,327214.57025301
SC000,0,STUDY1,ENCODING_LONG,84,PANTS,INANIMATE,clothing,beach,SAME,S,1809.054664510768,0,327221.4080924475
SC000,0,STUDY1,ENCODING_LONG,85,SLUG,ANIMATE,aquatic_species,canyon,REARRANGED,A,1291.4079659967683,0,327227.727670572
SC000,0,STUDY1,ENCODING_LONG,86,OVEN,INANIMATE,furniture,beach,SAME,S,1611.1400229856372,0,327234.364071318
SC000,0,STUDY1,ENCODING_LONG,87,PILOT,ANIMATE,people,beach,REARRANGED,A,705.903951486107,0,327240.0965366215
SC000,0,STUDY1,ENCODING_LONG,88,SWEATER,INANIMATE,clothing,canyon,REARRANGED,S,1524.1279950132594,0,327246.648686663
SC000,0,STUDY1,ENCODING_LONG,89,DRYER,INANIMATE,furniture,beach,REARRANGED,S,1943.9683475065976,0,327253.62229320453
SC000,0,STUDY1,ENCODING_LONG,90,WOLF,ANIMATE,mammals,canyon,SAME,A,1189.28573501762,0,327259.841802986
SC000,0,STUDY1,ENCODING_LONG,91,CROW,ANIMATE,birds,beach,REARRANGED,A,1587.7578075160272,0,327266.4580612515
SC000,0,STUDY1,ENCODING_LONG,92,PIG,ANIMATE,mammals,sand_dunes,REARRANGED,S,2312.4467479647137,0,327273.79593048396
SC000,0,STUDY1,ENCODING_LONG,93,TOILET,INANIMATE,furniture,sand_dunes,SAME,S,1005.3350435337052,0,327279.8282049305
SC000,0,STUDY1,ENCODING_LONG,94,SHARK,ANIMATE,aquatic_species,sand_dunes,SAME,A,1724.0522190113552,0,327286.580481661
SC000,0,STUDY1,ENCODING_LONG,95,CLOWN,ANIMATE,people,canyon,SAME,A,2018.7966090161353,0,327293.627082734
SC000,0,STUDY1,ENCODING_LONG,96,CHAIR,INANIMATE,furniture,canyon,REARRANGED,S,1275.8148650173098,0,327299.92834851705
SC000,0,STUDY1,ENCODING_LONG,97,JAM,INANIMATE,food,sand_dunes,SAME,S,1942.5238035037182,0,327306.9015254285
SC000,0,STUDY1,ENCODING_LONG,98,JEEP,INANIMATE,vehicles,canyon,SAME,S,2258.2455630181357,0,327314.188585715
SC000,0,STUDY1,ENCODING_LONG,99,OFFICER,ANIMATE,people,sand_dunes,SAME,A,1616.748565575108,0,327320.83090196655
SC000,0,STUDY1,ENCODING_LONG,100,APPLE,INANIMATE,food,beach,REARRANGED,S,2217.0678515103646,0,327328.0868818285
SC000,0,STUDY1,ENCODING_LONG,101,FLAMINGO,ANIMATE,birds,sand_dunes,REARRANGED,A,1845.9651109878905,0,327334.962763801
SC000,0,STUDY1,ENCODING_LONG,102,PILLOW,INANIMATE,furniture,sand_dunes,REARRANGED,S,2577.571327565238,0,327342.56553215254
SC000,0,STUDY1,ENCODING_LONG,103,JUDGE,ANIMATE,people,canyon,REARRANGED,A,2083.3115790155716,0,327349.674531947
SC000,0,STUDY1,ENCODING_LONG,104,MITTEN,INANIMATE,clothing,canyon,SAME,S,1819.187527464237,0,327356.5181831145
SC000,0,STUDY1,ENCODING_LONG,105,TURKEY,ANIMATE,birds,beach,SAME,A,1542.5242629717104,0,327363.090051079
SC000,0,STUDY1,ENCODING_LONG,106,DANCER,ANIMATE,people,beach,SAME,A,1844.9789925361983,0,327369.9622647605
SC000,0,STUDY1,ENCODING_LONG,107,SEAGULL,ANIMATE,birds,beach,SAME,A,1447.2366234986112,0,327376.4341834535
SC000,0,STUDY1,ENCODING_LONG,108,YOGURT,INANIMATE,food,canyon,SAME,S,1513.199327455368,0,327382.97634197946
SC000,0,STUDY1,ENCODING_LONG,109,STUDENT,ANIMATE,people,canyon,SAME,A,1516.5466195321642,0,327389.53021234355
SC000,0,STUDY1,ENCODING_LONG,110,SOCK,INANIMATE,clothing,canyon,SAME,S,1285.4261365137063,0,327395.8435549365
SC000,0,STUDY1,ENCODING_LONG,111,SKIRT,INANIMATE,clothing,beach,REARRANGED,S,1504.0022685425356,0,327402.37182317255
SC000,0,STUDY1,ENCODING_LONG,112,PRIEST,ANIMATE,people,sand_dunes,REARRANGED,A,2184.9785270169377,0,327409.596449549
SC000,0,STUDY1,ENCODING_LONG,113,SINGER,ANIMATE,people,sand_dunes,SAME,A,1753.2961360411718,0,327416.375539307
SC000,0,STUDY1,ENCODING_LONG,114,KETCHUP,INANIMATE,food,beach,SAME,S,1905.4593620239757,0,327423.306833019
SC000,0,STUDY1,ENCODING_LONG,115,OVERALLS,INANIMATE,clothing,beach,SAME,S,2779.36177252559,0,327431.12431963754
SC000,0,STUDY1,ENCODING_LONG,116,HELICOPTER,INANIMATE,vehicles,beach,SAME,S,1498.6705215414986,0,327437.6608884445
SC000,0,STUDY1,ENCODING_LONG,117,KOALA,ANIMATE,mammals,canyon,SAME,A,1816.8736859806813,0,327444.504666655
SC000,0,STUDY1,ENCODING_LONG,118,WAGON,INANIMATE,vehicles,sand_dunes,SAME,S,2047.6367285009474,0,327451.5939429535
SC000,0,STUDY1,ENCODING_LONG,119,PARROT,ANIMATE,birds,canyon,SAME,A,1199.2702084826306,0,327457.8184970225
SC000,0,STUDY1,ENCODING_LONG,120,MUFFIN,INANIMATE,food,sand_dunes,REARRANGED,S,1229.6858199988492,0,327464.075473384
SC000,0,STUDY1,ENCODING_LONG,121,CAKE,INANIMATE,food,sand_dunes,SAME,S,1941.460732021369,0,327471.047089156
SC000,0,STUDY1,ENCODING_LONG,122,WOODPECKER,ANIMATE,birds,sand_dunes,SAME,A,2862.9904094850644,0,327478.9415240985
SC000,0,STUDY1,ENCODING_LONG,123,FOX,ANIMATE,mammals,canyon,REARRANGED,A,1596.7261390178464,0,327485.563990382
SC000,0,STUDY1,ENCODING_LONG,124,GRILL,INANIMATE,furniture,beach,SAME,S,1716.1848369869404,0,327492.304834351
SC000,0,STUDY1,ENCODING_LONG,125,TANK,INANIMATE,vehicles,canyon,SAME,S,1582.1961690089665,0,327498.911764311
SC000,0,STUDY1,ENCODING_LONG,126,GIRAFFE,ANIMATE,mammals,beach,SAME,A,1283.4417085396126,0,327505.2223925875
SC000,0,STUDY1,ENCODING_LONG,127,SKUNK,ANIMATE,mammals,beach,SAME,A,1197.883567016106,0,327511.460855066
SC000,0,STUDY1,ENCODING_LONG,128,TABLE,INANIMATE,furniture,canyon,SAME,S,2328.746590996161,0,327518.819026193
SC000,0,STUDY1,ENCODING_LONG,129,AMBULANCE,INANIMATE,vehicles,beach,SAME,S,1421.4949969900772,0,327525.267866233
SC000,0,STUDY1,ENCODING_LONG,130,HONEY,INANIMATE,food,canyon,SAME,S,1551.5140394563787,0,327531.85041049146
SC000,0,STUDY1,ENCODING_LONG,131,SHRIMP,ANIMATE,aquatic_species,sand_dunes,SAME,A,1680.2575425244868,0,327538.5586514775
SC000,0,STUDY1,ENCODING_LONG,132,TRACTOR,INANIMATE,vehicles,sand_dunes,SAME,S,1983.7921794969589,0,327545.5720970975
SC000,0,STUDY1,ENCODING_LONG,133,EEL,ANIMATE,aquatic_species,sand_dunes,REARRANGED,A,1315.5655995360576,0,327551.92794367555
SC000,0,STUDY1,ENCODING_LONG,134,JELLYFISH,ANIMATE,aquatic_species,beach,REARRANGED,A,1575.4758910043165,0,327558.530621487
SC000,0,STUDY1,ENCODING_LONG,135,BULLDOZER,INANIMATE,vehicles,beach,REARRANGED,S,1605.6286899838597,0,327565.169635488
SC000,0,STUDY1,ENCODING_LONG,136,BUFFALO,ANIMATE,mammals,sand_dunes,SAME,A,1182.2056559612975,0,327571.38109042996
SC000,0,STUDY1,ENCODING_LONG,137,TOGA,INANIMATE,clothing,sand_dunes,REARRANGED,S,1230.1750970073044,0,327577.640862791
SC000,0,STUDY1,ENCODING_LONG,138,OCTOPUS,ANIMATE,aquatic_species,canyon,SAME,A,1655.2902534604073,0,327584.3237906875
SC000,0,STUDY1,ENCODING_LONG,139,MIRROR,INANIMATE,furniture,canyon,SAME,S,2733.5519249900244,0,327592.086904529
SC000,0,STUDY1,ENCODING_LONG,140,STROLLER,INANIMATE,vehicles,canyon,REARRANGED,S,1691.2785384920426,0,327598.8024988355
SC000,0,STUDY1,ENCODING_LONG,141,ROCKET,INANIMATE,vehicles,sand_dunes,REARRANGED,S,1845.8140864386223,0,327605.67719451746
SC000,0,STUDY1,ENCODING_LONG,142,SEAL,ANIMATE,aquatic_species,beach,SAME,A,1475.8444925537333,0,327612.1807446965
SC000,0,STUDY1,ENCODING_LONG,143,WHALE,ANIMATE,aquatic_species,canyon,SAME,A,2475.0363899511285,0,327619.68526609195
SC000,0,STUDY1,ENCODING_LONG,144,NECKLACE,INANIMATE,clothing,sand_dunes,SAME,S,1949.1761085228063,0,327626.6787631025
SC000,0,STUDY1,ENCODING_LONG,145,OCTOPUS,ANIMATE,aquatic_species,canyon,SAME,A,2151.837433979381,0,327633.870884161
SC000,0,STUDY1,ENCODING_LONG,146,FOX,ANIMATE,mammals,canyon,REARRANGED,A,1277.8474824735895,0,327640.1759062545
SC000,0,STUDY1,ENCODING_LONG,147,BULLDOZER,INANIMATE,vehicles,beach,REARRANGED,S,1532.1253209840506,0,327646.73428091
SC000,0,STUDY1,ENCODING_LONG,148,HELICOPTER,INANIMATE,vehicles,beach,SAME,S,1227.4060209747404,0,327652.989207002
SC000,0,STUDY1,ENCODING_LONG,149,FLAMINGO,ANIMATE,birds,sand_dunes,REARRANGED,A,1218.474082998,0,327659.232389271
SC000,0,STUDY1,ENCODING_LONG,150,OFFICER,ANIMATE,people,sand_dunes,SAME,A,1850.4515109816566,0,327666.109905974
SC000,0,STUDY1,ENCODING_LONG,151,MITTEN,INANIMATE,clothing,canyon,SAME,S,1399.0934339817613,0,327672.534043171
SC000,0,STUDY1,ENCODING_LONG,152,PILLOW,INANIMATE,furniture,sand_dunes,REARRANGED,S,2209.4081779941916,0,327679.768487126
SC000,0,STUDY1,ENCODING_LONG,153,SLUG,ANIMATE,aquatic_species,canyon,REARRANGED,A,1256.430338951759,0,327686.049087827
SC000,0,STUDY1,ENCODING_LONG,154,SHARK,ANIMATE,aquatic_species,sand_dunes,SAME,A,1748.8864150363952,0,327692.823240493
SC000,0,STUDY1,ENCODING_LONG,155,CLOWN,ANIMATE,people,canyon,SAME,A,2074.3614539969712,0,327699.937840915
SC000,0,STUDY1,ENCODING_LONG,156,ROCKET,INANIMATE,vehicles,sand_dunes,REARRANGED,S,1857.9810439841822,0,327706.820147585
SC000,0,STUDY1,ENCODING_LONG,157,JEEP,INANIMATE,vehicles,canyon,SAME,A,2130.7883855188265,0,327713.9780467545
SC000,0,STUDY1,ENCODING_LONG,158,PARROT,ANIMATE,birds,canyon,SAME,A,1681.6786724957637,0,327720.6850001125
SC000,0,STUDY1,ENCODING_LONG,159,CHAIR,INANIMATE,furniture,canyon,REARRANGED,S,1178.9905314799398,0,327726.90435463446
SC000,0,STUDY1,ENCODING_LONG,160,GIRAFFE,ANIMATE,mammals,beach,SAME,A,1709.0041894698516,0,327733.6381656005
SC000,0,STUDY1,ENCODING_LONG,161,SANDAL,INANIMATE,clothing,sand_dunes,SAME,S,1684.8121109651402,0,327740.348302637
SC000,0,STUDY1,ENCODING_LONG,162,TANK,INANIMATE,vehicles,canyon,SAME,S,1783.604029507842,0,327747.1607679095
SC000,0,STUDY1,ENCODING_LONG,163,EEL,ANIMATE,aquatic_species,sand_dunes,REARRANGED,A,2530.275925528258,0,327754.7178221765
SC000,0,STUDY1,ENCODING_LONG,164,AMBULANCE,INANIMATE,vehicles,beach,SAME,S,2486.05010000756,0,327762.243991746
SC000,0,STUDY1,ENCODING_LONG,165,ROBIN,ANIMATE,birds,sand_dunes,SAME,A,2349.712337483652,0,327769.6190224275
SC000,0,STUDY1,ENCODING_LONG,166,WOLF,ANIMATE,mammals,canyon,SAME,A,1229.4216974987648,0,327775.8779165215
SC000,0,STUDY1,ENCODING_LONG,167,STOOL,INANIMATE,furniture,sand_dunes,SAME,S,1533.7488035438582,0,327782.4524164025
SC000,0,STUDY1,ENCODING_LONG,168,PANTS,INANIMATE,clothing,beach,SAME,S,1903.8155555026606,0,327789.3816889415
SC000,0,STUDY1,ENCODING_LONG,169,JAGUAR,ANIMATE,mammals,sand_dunes,SAME,A,1215.6534264795482,0,327795.6286362645
SC000,0,STUDY1,ENCODING_LONG,170,PILOT,ANIMATE,people,beach,REARRANGED,A,1200.6654280121438,0,327801.859899841
SC000,0,STUDY1,ENCODING_LONG,171,WAGON,INANIMATE,vehicles,sand_dunes,SAME,S,1492.4989540013485,0,327808.377115932
SC000,0,STUDY1,ENCODING_LONG,172,BUFFALO,ANIMATE,mammals,sand_dunes,SAME,A,1810.8391074929386,0,327815.2176797425
SC000,0,STUDY1,ENCODING_LONG,173,SOCK,INANIMATE,clothing,canyon,SAME,S,2216.3721750257537,0,327822.473834448
SC000,0,STUDY1,ENCODING_LONG,174,SEAL,ANIMATE,aquatic_species,beach,SAME,A,1107.106500538066,0,327828.6084141195
SC000,0,STUDY1,ENCODING_LONG,175,WOODPECKER,ANIMATE,birds,sand_dunes,SAME,A,1680.2147234557196,0,327835.31572781247
SC000,0,STUDY1,ENCODING_LONG,176,KETCHUP,INANIMATE,food,beach,SAME,S,1281.3440055469982,0,327841.62527732353
SC000,0,STUDY1,ENCODING_LONG,177,STUDENT,ANIMATE,people,canyon,SAME,A,1102.8518335078843,0,327847.7528980695
SC000,0,STUDY1,ENCODING_LONG,178,SHRIMP,ANIMATE,aquatic_species,sand_dunes,SAME,A,1444.158355530817,0,327854.2217362505
SC000,0,STUDY1,ENCODING_LONG,179,SWEATER,INANIMATE,clothing,canyon,REARRANGED,S,1718.3235959964804,0,327860.980082892
SC000,0,STUDY1,ENCODING_LONG,180,OVERALLS,INANIMATE,clothing,beach,SAME,S,3030.833260039799,0,327869.049260309
SC000,0,STUDY1,ENCODING_LONG,181,APPLE,INANIMATE,food,beach,REARRANGED,S,1378.0093864770606,0,327875.4670328065
SC000,0,STUDY1,ENCODING_LONG,182,WHALE,ANIMATE,aquatic_species,canyon,SAME,A,1562.3596094665118,0,327882.0700478235
SC000,0,STUDY1,ENCODING_LONG,183,TOGA,INANIMATE,clothing,sand_dunes,REARRANGED,S,1412.4762374558486,0,327888.5082948115
SC000,0,STUDY1,ENCODING_LONG,184,CROW,ANIMATE,birds,beach,REARRANGED,A,1594.9248149991035,0,327895.132245317
SC000,0,STUDY1,ENCODING_LONG,185,JUDGE,ANIMATE,people,canyon,REARRANGED,A,1307.1288735372946,0,327901.48319867754
SC000,0,STUDY1,ENCODING_LONG,186,SINGER,ANIMATE,people,sand_dunes,SAME,A,1437.6883964869194,0,327907.9490671425
SC000,0,STUDY1,ENCODING_LONG,187,GRILL,INANIMATE,furniture,beach,SAME,S,1195.2661200193688,0,327914.169356626
SC000,0,STUDY1,ENCODING_LONG,188,HAWK,ANIMATE,birds,canyon,REARRANGED,A,1664.7185710025951,0,327920.874532311
SC000,0,STUDY1,ENCODING_LONG,189,PRIEST,ANIMATE,people,sand_dunes,REARRANGED,A,1444.235266011674,0,327927.359562114
SC000,0,STUDY1,ENCODING_LONG,190,MUFFIN,INANIMATE,food,sand_dunes,REARRANGED,S,1460.9379385365173,0,327933.8506252585
SC000,0,STUDY1,ENCODING_LONG,191,TURKEY,ANIMATE,birds,beach,SAME,A,2128.50068701664,0,327941.004578973
SC000,0,STUDY1,ENCODING_LONG,192,KOALA,ANIMATE,mammals,canyon,SAME,A,1116.5809720405377,0,327947.14778888505
SC000,0,STUDY1,ENCODING_LONG,193,TRACTOR,INANIMATE,vehicles,sand_dunes,SAME,S,2271.4187655365095,0,327954.45917188155
SC000,0,STUDY1,ENCODING_LONG,194,DRYER,INANIMATE,furniture,beach,REARRANGED,S,2608.217087981757,0,327962.09812191396
SC000,0,STUDY1,ENCODING_LONG,195,SKIRT,INANIMATE,clothing,beach,REARRANGED,S,3087.0707365102135,0,327970.2136178615
SC000,0,STUDY1,ENCODING_LONG,196,SKUNK,ANIMATE,mammals,beach,SAME,A,934.8098560003564,0,327976.178303839
SC000,0,STUDY1,ENCODING_LONG,197,JAM,INANIMATE,food,sand_dunes,SAME,S,985.007064009551,0,327982.190246197
SC000,0,STUDY1,ENCODING_LONG,198,STARFISH,ANIMATE,aquatic_species,beach,SAME,A,1942.4586170352995,0,327989.159744027
SC000,0,STUDY1,ENCODING_LONG,199,CARPENTER,ANIMATE,people,beach,SAME,A,1351.2563885306008,0,327995.5388117635
SC000,0,STUDY1,ENCODING_LONG,200,OVEN,INANIMATE,furniture,beach,SAME,S,1446.014467976056,0,328002.0096232
SC000,0,STUDY1,ENCODING_LONG,201,HONEY,INANIMATE,food,canyon,SAME,S,1547.8145934757777,0,328008.5853067055
SC000,0,STUDY1,ENCODING_LONG,202,PANDA,ANIMATE,mammals,beach,REARRANGED,A,1653.2317769597284,0,328015.269360923
SC000,0,STUDY1,ENCODING_LONG,203,CAKE,INANIMATE,food,sand_dunes,SAME,S,1228.3345579635352,0,328021.52183385496
SC000,0,STUDY1,ENCODING_LONG,204,SEAGULL,ANIMATE,birds,beach,SAME,A,1164.0353089896962,0,328027.714041924
SC000,0,STUDY1,ENCODING_LONG,205,PIG,ANIMATE,mammals,sand_dunes,REARRANGED,A,2113.2261430029757,0,328034.856501019
SC000,0,STUDY1,ENCODING_LONG,206,TOILET,INANIMATE,furniture,sand_dunes,SAME,S,982.3076674947515,0,328040.8818101635
SC000,0,STUDY1,ENCODING_LONG,207,YOGURT,INANIMATE,food,canyon,SAME,S,1118.8780014635995,0,328047.0409202435
SC000,0,STUDY1,ENCODING_LONG,208,PIZZA,INANIMATE,food,canyon,REARRANGED,S,2699.3252240354195,0,328054.76472071104
SC000,0,STUDY1,ENCODING_LONG,209,JELLYFISH,ANIMATE,aquatic_species,beach,REARRANGED,A,1097.1343694836833,0,328060.8962867395
SC000,0,STUDY1,ENCODING_LONG,210,MIRROR,INANIMATE,furniture,canyon,SAME,S,1429.3631440377794,0,328067.36579923704
SC000,0,STUDY1,ENCODING_LONG,211,DANCER,ANIMATE,people,beach,SAME,A,1035.9805815387517,0,328073.4292530125
SC000,0,STUDY1,ENCODING_LONG,212,HEN,ANIMATE,birds,canyon,SAME,A,1798.1251159799285,0,328080.251227693
SC000,0,STUDY1,ENCODING_LONG,213,STROLLER,INANIMATE,vehicles,canyon,REARRANGED,S,1527.6248605223373,0,328086.8031381655
SC000,0,STUDY1,ENCODING_LONG,214,TABLE,INANIMATE,furniture,canyon,SAME,S,1892.4591675167903,0,328093.7232650155
SC000,0,STUDY1,ENCODING_LONG,215,ALMOND,INANIMATE,food,beach,SAME,S,2045.550478505902,0,328100.7989677055
SC000,0,STUDY2,ENCODING_SHORT,0,BRACELET,INANIMATE,clothing,snow,REARRANGED,S,1299.3893414968625,0,328546.2667035735
SC000,0,STUDY2,ENCODING_SHORT,1,OSTRICH,ANIMATE,birds,mountain,REARRANGED,A,1773.3101199846715,0,328553.069832167
SC000,0,STUDY2,ENCODING_SHORT,2,GARDENER,ANIMATE,people,snow,SAME,A,1369.1581065068021,0,328559.4773486805
SC000,0,STUDY2,ENCODING_SHORT,3,SAILBOAT,INANIMATE,vehicles,glacier,SAME,S,2526.6079065040685,0,328567.0341345585
SC000,0,STUDY2,ENCODING_SHORT,4,NARWHAL,ANIMATE,aquatic_species,glacier,REARRANGED,A,1756.1107125366107,0,328573.8181916155
SC000,0,STUDY2,ENCODING_SHORT,5,SQUIRREL,ANIMATE,mammals,mountain,SAME,A,1602.2780264611356,0,328580.45981672546
SC000,0,STUDY2,ENCODING_SHORT,6,VEST,INANIMATE,clothing,glacier,REARRANGED,S,1090.4964225483127,0,328586.57426853455
SC000,0,STUDY2,ENCODING_SHORT,7,DIAPER,INANIMATE,clothing,glacier,SAME,S,1838.6054339935072,0,328593.438196162
SC000,0,STUDY2,ENCODING_SHORT,8,KIWI,INANIMATE,food,snow,SAME,S,1239.2589499941096,0,328599.716668849
SC000,0,STUDY2,ENCODING_SHORT,9,RAVEN,ANIMATE,birds,snow,SAME,A,1169.2166450084187,0,328605.922322651
SC000,0,STUDY2,ENCODING_SHORT,10,SANDWICH,INANIMATE,food,glacier,SAME,S,1141.6531089926139,0,328612.089033552
SC000,0,STUDY2,ENCODING_SHORT,11,RADIO,INANIMATE,furniture,mountain,SAME,S,1404.929665965028,0,328618.5341057
SC000,0,STUDY2,ENCODING_SHORT,12,GOAT,ANIMATE,mammals,snow,SAME,A,1131.0478204977699,0,328624.6949543855
SC000,0,STUDY2,ENCODING_SHORT,13,BLOUSE,INANIMATE,clothing,mountain,SAME,S,2138.62236100249,0,328631.87365911
SC000,0,STUDY2,ENCODING_SHORT,14,TEACHER,ANIMATE,people,glacier,REARRANGED,A,1984.3440035474487,0,328638.8949806665
SC000,0,STUDY2,ENCODING_SHORT,15,HAT,INANIMATE,clothing,mountain,SAME,S,2851.0846815188415,0,328646.7745094765
SC000,0,STUDY2,ENCODING_SHORT,16,BASKET,INANIMATE,furniture,snow,SAME,S,2217.6031709532253,0,328654.03454421996
SC000,0,STUDY2,ENCODING_SHORT,17,WASHER,INANIMATE,furniture,snow,REARRANGED,S,1234.6778215141967,0,328660.2968193405
SC000,0,STUDY2,ENCODING_SHORT,18,BEAVER,ANIMATE,mammals,mountain,REARRANGED,A,2596.8488475191407,0,328667.9208267405
SC000,0,STUDY2,ENCODING_SHORT,19,SKATEBOARD,INANIMATE,vehicles,snow,SAME,S,2502.5845664786175,0,328675.44783132046
SC000,0,STUDY2,ENCODING_SHORT,20,CORAL,ANIMATE,aquatic_species,mountain,REARRANGED,A,1795.2353404834867,0,328682.2686276465
SC000,0,STUDY2,ENCODING_SHORT,21,CANOE,INANIMATE,vehicles,snow,REARRANGED,S,2530.9686699765734,0,328689.831181161
SC000,0,STUDY2,ENCODING_SHORT,22,ACTOR,ANIMATE,people,glacier,SAME,A,1865.6321414746344,0,328696.7388881845
SC000,0,STUDY2,ENCODING_SHORT,23,LAWYER,ANIMATE,people,mountain,REARRANGED,A,1828.2185174757615,0,328703.5911021135
SC000,0,STUDY2,ENCODING_SHORT,24,SLED,INANIMATE,vehicles,snow,SAME,S,2249.8809820390306,0,328710.865895853
SC000,0,STUDY2,ENCODING_SHORT,25,GOOSE,ANIMATE,birds,mountain,SAME,A,2097.426025487948,0,328718.0057141765
SC000,0,STUDY2,ENCODING_SHORT,26,MUSTARD,INANIMATE,food,mountain,SAME,S,1948.8332155160606,0,328724.9819465545
SC000,0,STUDY2,ENCODING_SHORT,27,PHONE,INANIMATE,furniture,glacier,SAME,S,2014.0764890238643,0,328732.04039479804
SC000,0,STUDY2,ENCODING_SHORT,28,DOG,ANIMATE,mammals,snow,SAME,A,1272.2965924767777,0,328738.3435480405
SC000,0,STUDY2,ENCODING_SHORT,29,DOCTOR,ANIMATE,people,mountain,SAME,A,1248.294286953751,0,328744.63292062597
SC000,0,STUDY2,ENCODING_SHORT,30,ORCA,ANIMATE,aquatic_species,mountain,SAME,A,1745.6284769577906,0,328751.418892612
SC000,0,STUDY2,ENCODING_SHORT,31,MEAT,INANIMATE,food,snow,REARRANGED,S,1910.7322584604844,0,328758.35762547946
SC000,0,STUDY2,ENCODING_SHORT,32,VULTURE,ANIMATE,birds,snow,SAME,A,1319.9656819924712,0,328764.708911611
SC000,0,STUDY2,ENCODING_SHORT,33,CAR,INANIMATE,vehicles,mountain,SAME,A,2330.534328939393,0,328772.06852146296
SC000,0,STUDY2,ENCODING_SHORT,34,SKI,INANIMATE,vehicles,glacier,SAME,S,1855.6543284794316,0,328778.9492406625
SC000,0,STUDY2,ENCODING_SHORT,35,MOOSE,ANIMATE,mammals,glacier,SAME,A,1526.0960145387799,0,328785.5171426645
SC000,0,STUDY2,ENCODING_SHORT,36,GLOVE,INANIMATE,clothing,snow,SAME,S,2035.8270140131935,0,328792.58221148
SC000,0,STUDY2,ENCODING_SHORT,37,BOOT,INANIMATE,clothing,glacier,SAME,S,1453.0459850211628,0,328799.065396516
SC000,0,STUDY2,ENCODING_SHORT,38,SHEEP,ANIMATE,mammals,glacier,REARRANGED,A,2130.400587513577,0,328806.2361252755
SC000,0,STUDY2,ENCODING_SHORT,39,TIGER,ANIMATE,mammals,snow,REARRANGED,A,2884.26028896356,0,328814.147274778
SC000,0,STUDY2,ENCODING_SHORT,40,THRONE,INANIMATE,furniture,mountain,SAME,S,2297.5610699504614,0,328821.469095353
SC000,0,STUDY2,ENCODING_SHORT,41,HAMMOCK,INANIMATE,furniture,glacier,SAME,S,1440.2433289797045,0,328827.949252453
SC000,0,STUDY2,ENCODING_SHORT,42,HAM,INANIMATE,food,snow,SAME,S,1160.446228517685,0,328834.1350524205
SC000,0,STUDY2,ENCODING_SHORT,43,PELICAN,ANIMATE,birds,glacier,SAME,A,2093.9761534682475,0,328841.25455344445
SC000,0,STUDY2,ENCODING_SHORT,44,GOWN,INANIMATE,clothing,mountain,REARRANGED,S,1581.3553584739566,0,328847.87612952746
SC000,0,STUDY2,ENCODING_SHORT,45,DETECTIVE,ANIMATE,people,glacier,SAME,A,1340.6442645355128,0,328854.2564568495
SC000,0,STUDY2,ENCODING_SHORT,46,TAXI,INANIMATE,vehicles,mountain,SAME,S,1601.384314475581,0,328860.8983991815
SC000,0,STUDY2,ENCODING_SHORT,47,EAGLE,ANIMATE,birds,glacier,REARRANGED,A,1372.8673395235091,0,328867.2956567375
SC000,0,STUDY2,ENCODING_SHORT,48,GORILLA,ANIMATE,mammals,mountain,SAME,A,1306.3701370265335,0,328873.644219232
SC000,0,STUDY2,ENCODING_SHORT,49,TUNA,ANIMATE,aquatic_species,snow,SAME,A,1308.15044749761,0,328879.9874456015
SC000,0,STUDY2,ENCODING_SHORT,50,LAMP,INANIMATE,furniture,glacier,REARRANGED,S,1309.9022155511193,0,328886.3266956895
SC000,0,STUDY2,ENCODING_SHORT,51,PORPOISE,ANIMATE,aquatic_species,snow,SAME,A,1203.9483115077019,0,328892.5618907985
SC000,0,STUDY2,ENCODING_SHORT,52,LOBSTER,ANIMATE,aquatic_species,glacier,SAME,A,1507.2042105020955,0,328899.0987756615
SC000,0,STUDY2,ENCODING_SHORT,53,MONKEY,ANIMATE,mammals,glacier,SAME,A,1306.4038149896078,0,328905.434263143
SC000,0,STUDY2,ENCODING_SHORT,54,VASE,INANIMATE,furniture,snow,SAME,S,1773.2801375095733,0,328912.2474385415
SC000,0,STUDY2,ENCODING_SHORT,55,TOUCAN,ANIMATE,birds,glacier,SAME,A,1712.3953054542653,0,328918.98743480246
SC000,0,STUDY2,ENCODING_SHORT,56,BIKINI,INANIMATE,clothing,snow,SAME,S,1575.6803760305047,0,328925.587352867
SC000,0,STUDY2,ENCODING_SHORT,57,MAGICIAN,ANIMATE,people,mountain,SAME,A,2269.3870330112986,0,328932.882876631
SC000,0,STUDY2,ENCODING_SHORT,58,OYSTER,ANIMATE,aquatic_species,mountain,SAME,A,2281.3543524825945,0,328940.2039602815
SC000,0,STUDY2,ENCODING_SHORT,59,DONUT,INANIMATE,food,mountain,REARRANGED,S,1597.8668725001626,0,328946.8449498045
SC000,0,STUDY2,ENCODING_SHORT,60,SALMON,ANIMATE,aquatic_species,glacier,SAME,A,1815.4971419717185,0,328953.70235470997
SC000,0,STUDY2,ENCODING_SHORT,61,COUCH,INANIMATE,furniture,mountain,REARRANGED,S,1874.9120794818737,0,328960.6175365845
SC000,0,STUDY2,ENCODING_SHORT,62,PAINTER,ANIMATE,people,snow,SAME,A,1197.7099775685929,0,328966.85505615454
SC000,0,STUDY2,ENCODING_SHORT,63,STORK,ANIMATE,birds,snow,REARRANGED,A,1184.5550124999136,0,328973.0659832425
SC000,0,STUDY2,ENCODING_SHORT,64,COOKIE,INANIMATE,food,glacier,SAME,S,1671.6526949894615,0,328979.777965721
SC000,0,STUDY2,ENCODING_SHORT,65,ARCHITECT,ANIMATE,people,snow,REARRANGED,A,1456.7185000050813,0,328986.27585564
SC000,0,STUDY2,ENCODING_SHORT,66,CHEESE,INANIMATE,food,mountain,SAME,S,1556.9763090461493,0,328992.859041739
SC000,0,STUDY2,ENCODING_SHORT,67,CLAM,ANIMATE,aquatic_species,snow,REARRANGED,A,1550.4118500393815,0,328999.43659898103
SC000,0,STUDY2,ENCODING_SHORT,68,CHARIOT,INANIMATE,vehicles,mountain,REARRANGED,S,1384.2878355062567,0,329005.8477721015
SC000,0,STUDY2,ENCODING_SHORT,69,DUCK,ANIMATE,birds,mountain,SAME,A,2551.9248669734225,0,329013.438956876
SC000,0,STUDY2,ENCODING_SHORT,70,JET,INANIMATE,vehicles,glacier,REARRANGED,S,1139.4762995187193,0,329019.6082716655
SC000,0,STUDY2,ENCODING_SHORT,71,ORANGE,INANIMATE,food,glacier,REARRANGED,S,1149.1203340119682,0,329025.78468444804
SC000,0,STUDY2,ENCODING_SHORT,72,SLED,INANIMATE,vehicles,snow,SAME,S,1903.9223149884492,0,329032.727483143
SC000,0,STUDY2,ENCODING_SHORT,73,KIWI,INANIMATE,food,snow,SAME,S,1462.5474550412036,0,329039.214213235
SC000,0,STUDY2,ENCODING_SHORT,74,COUCH,INANIMATE,furniture,mountain,REARRANGED,S,1614.6369959460571,0,329045.86025963095
SC000,0,STUDY2,ENCODING_SHORT,75,ARCHITECT,ANIMATE,people,snow,REARRANGED,A,1037.5536804785952,0,329051.9423675745
SC000,0,STUDY2,ENCODING_SHORT,76,JET,INANIMATE,vehicles,glacier,REARRANGED,S,1756.2476675375365,0,329058.72897070553
SC000,0,STUDY2,ENCODING_SHORT,77,HAMMOCK,INANIMATE,furniture,glacier,SAME,S,1626.4503240236081,0,329065.393826753
SC000,0,STUDY2,ENCODING_SHORT,78,DUCK,ANIMATE,birds,mountain,SAME,A,1465.9455630462617,0,329071.88898198504
SC000,0,STUDY2,ENCODING_SHORT,79,MOOSE,ANIMATE,mammals,glacier,SAME,A,1421.6029130038805,0,329078.339120725
SC000,0,STUDY2,ENCODING_SHORT,80,RAVEN,ANIMATE,birds,snow,SAME,A,1432.9750134493224,0,329084.8154407755
SC000,0,STUDY2,ENCODING_SHORT,81,DIAPER,INANIMATE,clothing,glacier,SAME,S,1280.1546344999224,0,329091.1356519745
SC000,0,STUDY2,ENCODING_SHORT,82,MUSTARD,INANIMATE,food,mountain,SAME,S,2080.8558180578984,0,329098.25430012203
SC000,0,STUDY2,ENCODING_SHORT,83,PELICAN,ANIMATE,birds,glacier,SAME,A,1376.3481079949997,0,329104.660983509
SC000,0,STUDY2,ENCODING_SHORT,84,BRACELET,INANIMATE,clothing,snow,REARRANGED,S,1432.1381725021638,0,329111.1255948245
SC000,0,STUDY2,ENCODING_SHORT,85,LAWYER,ANIMATE,people,mountain,REARRANGED,A,1443.4023459907621,0,329117.61082927
SC000,0,STUDY2,ENCODING_SHORT,86,THRONE,INANIMATE,furniture,mountain,SAME,S,2049.2402784875594,0,329124.68745158147
SC000,0,STUDY2,ENCODING_SHORT,87,SANDWICH,INANIMATE,food,glacier,SAME,S,1936.0378664568998,0,329131.6498241675
SC000,0,STUDY2,ENCODING_SHORT,88,TIGER,ANIMATE,mammals,snow,REARRANGED,A,1209.1171324718744,0,329137.8977730815
SC000,0,STUDY2,ENCODING_SHORT,89,STORK,ANIMATE,birds,snow,REARRANGED,A,1992.8233979735523,0,329144.919086379
SC000,0,STUDY2,ENCODING_SHORT,90,TOUCAN,ANIMATE,birds,glacier,SAME,A,1849.64349452639,0,329151.8104165765
SC000,0,STUDY2,ENCODING_SHORT,91,RADIO,INANIMATE,furniture,mountain,SAME,S,1136.8605180177838,0,329157.97480050405
SC000,0,STUDY2,ENCODING_SHORT,92,VULTURE,ANIMATE,birds,snow,SAME,A,2313.8357320567593,0,329165.33055285004
SC000,0,STUDY2,ENCODING_SHORT,93,DOCTOR,ANIMATE,people,mountain,SAME,A,1120.4229004797526,0,329171.4901208355
SC000,0,STUDY2,ENCODING_SHORT,94,CHARIOT,INANIMATE,vehicles,mountain,REARRANGED,S,1388.614380499348,0,329177.9123634295
SC000,0,STUDY2,ENCODING_SHORT,95,BIKINI,INANIMATE,clothing,snow,SAME,S,1545.1992670423351,0,329184.48191171803
SC000,0,STUDY2,ENCODING_SHORT,96,SHEEP,ANIMATE,mammals,glacier,REARRANGED,A,1370.7573845167644,0,329190.87969701353
SC000,0,STUDY2,ENCODING_SHORT,97,HAM,INANIMATE,food,snow,SAME,S,2044.994134514127,0,329197.9499159095
SC000,0,STUDY2,ENCODING_SHORT,98,TUNA,ANIMATE,aquatic_species,snow,SAME,A,2264.8318000137806,0,329205.244199616
SC000,0,STUDY2,ENCODING_SHORT,99,ACTOR,ANIMATE,people,glacier,SAME,A,1316.1823164555244,0,329211.5858365365
SC000,0,STUDY2,ENCODING_SHORT,100,CANOE,INANIMATE,vehicles,snow,REARRANGED,S,1599.626384966541,0,329218.218010742
SC000,0,STUDY2,ENCODING_SHORT,101,TEACHER,ANIMATE,people,glacier,REARRANGED,A,1517.5045779906213,0,329224.776171049
SC000,0,STUDY2,ENCODING_SHORT,102,MAGICIAN,ANIMATE,people,mountain,SAME,A,1568.588137452025,0,329231.3724197075
SC000,0,STUDY2,ENCODING_SHORT,103,VEST,INANIMATE,clothing,glacier,REARRANGED,S,2199.504368531052,0,329238.6009336225
SC000,0,STUDY2,ENCODING_SHORT,104,GOWN,INANIMATE,clothing,mountain,REARRANGED,S,1631.1100434977561,0,329245.2593257065
SC000,0,STUDY2,ENCODING_SHORT,105,GOAT,ANIMATE,mammals,snow,SAME,A,1532.4932744842954,0,329251.8298977235
SC000,0,STUDY2,ENCODING_SHORT,106,BOOT,INANIMATE,clothing,glacier,SAME,S,2023.6628085258417,0,329258.87886431755
SC000,0,STUDY2,ENCODING_SHORT,107,BEAVER,ANIMATE,mammals,mountain,REARRANGED,A,1362.8058499889448,0,329265.266090769
SC000,0,STUDY2,ENCODING_SHORT,108,OYSTER,ANIMATE,aquatic_species,mountain,SAME,A,1896.551935991738,0,329272.189987148
SC000,0,STUDY2,ENCODING_SHORT,109,WASHER,INANIMATE,furniture,snow,REARRANGED,S,1361.725696013309,0,329278.580489642
SC000,0,STUDY2,ENCODING_SHORT,110,CHEESE,INANIMATE,food,mountain,SAME,S,1711.7957755108364,0,329285.3171123495
SC000,0,STUDY2,ENCODING_SHORT,111,SKATEBOARD,INANIMATE,vehicles,snow,SAME,S,2329.2440384975635,0,329292.6804887415
SC000,0,STUDY2,ENCODING_SHORT,112,MONKEY,ANIMATE,mammals,glacier,SAME,A,1752.4775805068202,0,329299.4629364775
SC000,0,STUDY2,ENCODING_SHORT,113,LOBSTER,ANIMATE,aquatic_species,glacier,SAME,A,1052.7447069762275,0,329305.54248441197
SC000,0,STUDY2,ENCODING_SHORT,114,SALMON,ANIMATE,aquatic_species,glacier,SAME,A,1249.3769235443324,0,329311.83210160653
SC000,0,STUDY2,ENCODING_SHORT,115,TAXI,INANIMATE,vehicles,mountain,SAME,S,1496.4169039740227,0,329318.368110378
SC000,0,STUDY2,ENCODING_SHORT,116,PAINTER,ANIMATE,people,snow,SAME,A,1076.7124234698713,0,329324.4737060895
SC000,0,STUDY2,ENCODING_SHORT,117,CORAL,ANIMATE,aquatic_species,mountain,REARRANGED,A,2525.9242040337995,0,329332.024463822
SC000,0,STUDY2,ENCODING_SHORT,118,COOKIE,INANIMATE,food,glacier,SAME,S,1321.2302854517475,0,329338.3733435845
SC000,0,STUDY2,ENCODING_SHORT,119,HAT,INANIMATE,clothing,mountain,SAME,S,1301.062935963273,0,329344.715913574
SC000,0,STUDY2,ENCODING_SHORT,120,NARWHAL,ANIMATE,aquatic_species,glacier,REARRANGED,A,1829.1464045178145,0,329351.57157625153
SC000,0,STUDY2,ENCODING_SHORT,121,SKI,INANIMATE,vehicles,glacier,SAME,S,1485.8780629583634,0,329358.087622933
SC000,0,STUDY2,ENCODING_SHORT,122,PORPOISE,ANIMATE,aquatic_species,snow,SAME,A,1798.1268094736151,0,329364.91242773447
SC000,0,STUDY2,ENCODING_SHORT,123,PHONE,INANIMATE,furniture,glacier,SAME,S,1888.5971480049193,0,329371.824590057
SC000,0,STUDY2,ENCODING_SHORT,124,ORANGE,INANIMATE,food,glacier,REARRANGED,S,1417.6787320175208,0,329378.266894368
SC000,0,STUDY2,ENCODING_SHORT,125,SQUIRREL,ANIMATE,mammals,mountain,SAME,A,1435.6233340222389,0,329384.743779828
SC000,0,STUDY2,ENCODING_SHORT,126,ORCA,ANIMATE,aquatic_species,mountain,SAME,A,1271.7937809647992,0,329391.040571837
SC000,0,STUDY2,ENCODING_SHORT,127,GOOSE,ANIMATE,birds,mountain,SAME,A,1141.3527245167643,0,329397.2084306285
SC000,0,STUDY2,ENCODING_SHORT,128,BASKET,INANIMATE,furniture,snow,SAME,S,2136.9124205084518,0,329404.3727577015
SC000,0,STUDY2,ENCODING_SHORT,129,CAR,INANIMATE,vehicles,mountain,SAME,S,1607.1560570271686,0,329411.020212827
SC000,0,STUDY2,ENCODING_SHORT,130,GORILLA,ANIMATE,mammals,mountain,SAME,A,1493.96837601671,0,329417.545923523
SC000,0,STUDY2,ENCODING_SHORT,131,SAILBOAT,INANIMATE,vehicles,glacier,SAME,S,1504.8323080409318,0,329424.07847809803
SC000,0,STUDY2,ENCODING_SHORT,132,EAGLE,ANIMATE,birds,glacier,REARRANGED,A,2070.6013554590754,0,329431.18616165547
SC000,0,STUDY2,ENCODING_SHORT,133,BLOUSE,INANIMATE,clothing,mountain,SAME,S,2891.4368084515445,0,329439.1152637345
SC000,0,STUDY2,ENCODING_SHORT,134,VASE,INANIMATE,furniture,snow,SAME,S,2921.1907560238615,0,329447.061672848
SC000,0,STUDY2,ENCODING_SHORT,135,OSTRICH,ANIMATE,birds,mountain,REARRANGED,A,1260.810516483616,0,329453.3508820795
SC000,0,STUDY2,ENCODING_SHORT,136,DONUT,INANIMATE,food,mountain,REARRANGED,S,2155.651564942673,0,329460.53653256595
SC000,0,STUDY2,ENCODING_SHORT,137,GLOVE,INANIMATE,clothing,snow,SAME,S,1594.4184134714305,0,329467.1614936805
SC000,0,STUDY2,ENCODING_SHORT,138,MEAT,INANIMATE,food,snow,REARRANGED,S,2003.5347020020708,0,329474.189653385
SC000,0,STUDY2,ENCODING_SHORT,139,DETECTIVE,ANIMATE,people,glacier,SAME,A,1669.9994254740886,0,329480.8989110085
SC000,0,STUDY2,ENCODING_SHORT,140,LAMP,INANIMATE,furniture,glacier,REARRANGED,S,1051.2032570550218,0,329486.99002193904
SC000,0,STUDY2,ENCODING_SHORT,141,CLAM,ANIMATE,aquatic_species,snow,REARRANGED,A,1346.7296260059811,0,329493.375668802
SC000,0,STUDY2,ENCODING_SHORT,142,GARDENER,ANIMATE,people,snow,SAME,A,1233.9096670038998,0,329499.637677562
SC000,0,STUDY2,ENCODING_SHORT,143,DOG,ANIMATE,mammals,snow,SAME,A,1727.0219050114974,0,329506.407308052
SC000,0,STUDY2,ENCODING_SHORT,144,DIAPER,INANIMATE,clothing,glacier,SAME,S,1337.2048115124926,0,329512.7716614065
SC000,0,STUDY2,ENCODING_SHORT,145,HAM,INANIMATE,food,snow,SAME,A,1895.3669685288332,0,329519.6946218945
SC000,0,STUDY2,ENCODING_SHORT,146,ORANGE,INANIMATE,food,glacier,REARRANGED,S,1473.8781090127304,0,329526.197992429
SC000,0,STUDY2,ENCODING_SHORT,147,SQUIRREL,ANIMATE,mammals,mountain,SAME,A,1094.7786720353179,0,329532.31856986205
SC000,0,STUDY2,ENCODING_SHORT,148,GARDENER,ANIMATE,people,snow,SAME,A,1169.8773119715042,0,329538.515868288
SC000,0,STUDY2,ENCODING_SHORT,149,CAR,INANIMATE,vehicles,mountain,SAME,S,1181.446301518008,0,329544.7363582815
SC000,0,STUDY2,ENCODING_SHORT,150,EAGLE,ANIMATE,birds,glacier,REARRANGED,A,1521.0739419562742,0,329551.28257273696
SC000,0,STUDY2,ENCODING_SHORT,151,CHEESE,INANIMATE,food,mountain,SAME,S,1682.175786991138,0,329558.00581959
SC000,0,STUDY2,ENCODING_SHORT,152,MONKEY,ANIMATE,mammals,glacier,SAME,A,1225.612775539048,0,329564.2583054655
SC000,0,STUDY2,ENCODING_SHORT,153,HAT,INANIMATE,clothing,mountain,SAME,S,922.5645219557919,0,329570.20650100696
SC000,0,STUDY2,ENCODING_SHORT,154,MOOSE,ANIMATE,mammals,glacier,SAME,A,1850.3535960335284,0,329577.082388742
SC000,0,STUDY2,ENCODING_SHORT,155,BIKINI,INANIMATE,clothing,snow,SAME,S,1401.749807933811,0,329583.51487584796
SC000,0,STUDY2,ENCODING_SHORT,156,SANDWICH,INANIMATE,food,glacier,SAME,S,1255.3274185047485,0,329589.7944404055
SC000,0,STUDY2,ENCODING_SHORT,157,VASE,INANIMATE,furniture,snow,SAME,S,1551.8944294890389,0,329596.3863286575
SC000,0,STUDY2,ENCODING_SHORT,158,PAINTER,ANIMATE,people,snow,SAME,A,1127.0603809971362,0,329602.554313907
SC000,0,STUDY2,ENCODING_SHORT,159,DOCTOR,ANIMATE,people,mountain,SAME,A,1172.998339519836,0,329608.7525733115
SC000,0,STUDY2,ENCODING_SHORT,160,SALMON,ANIMATE,aquatic_species,glacier,SAME,A,2439.6480615250766,0,329616.2170894065
SC000,0,STUDY2,ENCODING_SHORT,161,HAMMOCK,INANIMATE,furniture,glacier,SAME,S,1152.1879165084101,0,329622.3963094565
SC000,0,STUDY2,ENCODING_SHORT,162,GOWN,INANIMATE,clothing,mountain,REARRANGED,S,1324.9504794948734,0,329628.7622279825
SC000,0,STUDY2,ENCODING_SHORT,163,ARCHITECT,ANIMATE,people,snow,REARRANGED,A,1421.961494954303,0,329635.21677206794
SC000,0,STUDY2,ENCODING_SHORT,164,MAGICIAN,ANIMATE,people,mountain,SAME,A,1342.8221114445478,0,329641.5877139465
SC000,0,STUDY2,ENCODING_SHORT,165,BLOUSE,INANIMATE,clothing,mountain,SAME,A,431.9813000620343,0,329647.04762203305
SC000,0,STUDY2,ENCODING_SHORT,166,TOUCAN,ANIMATE,birds,glacier,SAME,A,1395.5773354973644,0,329653.4722849465
SC000,0,STUDY2,ENCODING_SHORT,167,STORK,ANIMATE,birds,snow,REARRANGED,A,1406.4523124834523,0,329659.90775447246
SC000,0,STUDY2,ENCODING_SHORT,168,MEAT,INANIMATE,food,snow,REARRANGED,S,1044.7740274830721,0,329665.9827898565
SC000,0,STUDY2,ENCODING_SHORT,169,COOKIE,INANIMATE,food,glacier,SAME,S,1306.1203880351968,0,329672.31954630103
SC000,0,STUDY2,ENCODING_SHORT,170,LOBSTER,ANIMATE,aquatic_species,glacier,SAME,S,1318.6801125411876,0,329678.6644464235
SC000,0,STUDY2,ENCODING_SHORT,171,RADIO,INANIMATE,furniture,mountain,SAME,S,2049.0147480159067,0,329685.793964521
SC000,0,STUDY2,ENCODING_SHORT,172,KIWI,INANIMATE,food,snow,SAME,S,1493.883102433756,0,329692.31281443546
SC000,0,STUDY2,ENCODING_SHORT,173,TUNA,ANIMATE,aquatic_species,snow,SAME,A,1132.696237997152,0,329698.47650467
SC000,0,STUDY2,ENCODING_SHORT,174,CANOE,INANIMATE,vehicles,snow,REARRANGED,S,1546.8279169872403,0,329705.047355572
SC000,0,STUDY2,ENCODING_SHORT,175,DETECTIVE,ANIMATE,people,glacier,SAME,A,1104.1183294728398,0,329711.1789430455
SC000,0,STUDY2,ENCODING_SHORT,176,NARWHAL,ANIMATE,aquatic_species,glacier,REARRANGED,A,1221.4731285348535,0,329717.4423310555
SC000,0,STUDY2,ENCODING_SHORT,177,BASKET,INANIMATE,furniture,snow,SAME,S,1077.4133724626154,0,329723.56097830646
SC000,0,STUDY2,ENCODING_SHORT,178,LAMP,INANIMATE,furniture,glacier,REARRANGED,S,1050.3243135171942,0,329729.64271302754
SC000,0,STUDY2,ENCODING_SHORT,179,TAXI,INANIMATE,vehicles,mountain,SAME,S,1227.0247870474122,0,329735.89479100704
SC000,0,STUDY2,ENCODING_SHORT,180,GOOSE,ANIMATE,birds,mountain,SAME,A,1161.5569940186106,0,329742.099516779
SC000,0,STUDY2,ENCODING_SHORT,181,WASHER,INANIMATE,furniture,snow,REARRANGED,S,1480.9393070172518,0,329748.60840690904
SC000,0,STUDY2,ENCODING_SHORT,182,OYSTER,ANIMATE,aquatic_species,mountain,SAME,A,1399.6018635225482,0,329755.0322785005
SC000,0,STUDY2,ENCODING_SHORT,183,BRACELET,INANIMATE,clothing,snow,REARRANGED,S,1190.714595548343,0,329761.2512319735
SC000,0,STUDY2,ENCODING_SHORT,184,CORAL,ANIMATE,aquatic_species,mountain,REARRANGED,A,1248.370339977555,0,329767.527066499
SC000,0,STUDY2,ENCODING_SHORT,185,MUSTARD,INANIMATE,food,mountain,SAME,S,1825.536649033893,0,329774.392851801
SC000,0,STUDY2,ENCODING_SHORT,186,DONUT,INANIMATE,food,mountain,REARRANGED,S,1483.4580274764448,0,329780.90356607246
SC000,0,STUDY2,ENCODING_SHORT,187,TIGER,ANIMATE,mammals,snow,REARRANGED,A,1463.7999615515582,0,329787.39232475753
SC000,0,STUDY2,ENCODING_SHORT,188,ORCA,ANIMATE,aquatic_species,mountain,SAME,A,1124.8595240176655,0,329793.556418017
SC000,0,STUDY2,ENCODING_SHORT,189,VULTURE,ANIMATE,birds,snow,SAME,A,1847.7631119894795,0,329800.435079368
SC000,0,STUDY2,ENCODING_SHORT,190,VEST,INANIMATE,clothing,glacier,REARRANGED,S,1325.9696225286461,0,329806.7857952555
SC000,0,STUDY2,ENCODING_SHORT,191,SLED,INANIMATE,vehicles,snow,SAME,S,1386.5421505179256,0,329813.1985474295
SC000,0,STUDY2,ENCODING_SHORT,192,BEAVER,ANIMATE,mammals,mountain,REARRANGED,A,1115.3213990619406,0,329819.34420206805
SC000,0,STUDY2,ENCODING_SHORT,193,DOG,ANIMATE,mammals,snow,SAME,A,987.0654324768111,0,329825.36148931447
SC000,0,STUDY2,ENCODING_SHORT,194,GLOVE,INANIMATE,clothing,snow,SAME,S,1073.09477601666,0,329831.476769767
SC000,0,STUDY2,ENCODING_SHORT,195,PORPOISE,ANIMATE,aquatic_species,snow,SAME,A,1296.5305905090645,0,329837.8034401715
SC000,0,STUDY2,ENCODING_SHORT,196,JET,INANIMATE,vehicles,glacier,REARRANGED,S,2088.791656482499,0,329844.9184166855
SC000,0,STUDY2,ENCODING_SHORT,197,BOOT,INANIMATE,clothing,glacier,SAME,S,799.7686995076947,0,329850.7426016055
SC000,0,STUDY2,ENCODING_SHORT,198,SHEEP,ANIMATE,mammals,glacier,REARRANGED,A,1148.786919482518,0,329856.9180901585
SC000,0,STUDY2,ENCODING_SHORT,199,COUCH,INANIMATE,furniture,mountain,REARRANGED,S,1723.741217982024,0,329863.667218162
SC000,0,STUDY2,ENCODING_SHORT,200,GORILLA,ANIMATE,mammals,mountain,SAME,A,1044.9686899664812,0,329869.740249321
SC000,0,STUDY2,ENCODING_SHORT,201,THRONE,INANIMATE,furniture,mountain,SAME,S,1498.8927035592496,0,329876.26725724153
SC000,0,STUDY2,ENCODING_SHORT,202,ACTOR,ANIMATE,people,glacier,SAME,A,1983.963972539641,0,329883.27673357853
SC000,0,STUDY2,ENCODING_SHORT,203,GOAT,ANIMATE,mammals,snow,SAME,A,1320.8073584828526,0,329889.6307469255
SC000,0,STUDY2,ENCODING_SHORT,204,DUCK,ANIMATE,birds,mountain,SAME,A,1450.4301765118726,0,329896.1113446175
SC000,0,STUDY2,ENCODING_SHORT,205,SKI,INANIMATE,vehicles,glacier,SAME,S,2155.5284130154178,0,329903.29473129904
SC000,0,STUDY2,ENCODING_SHORT,206,PELICAN,ANIMATE,birds,glacier,SAME,A,1546.8031690688804,0,329909.86970791104
SC000,0,STUDY2,ENCODING_SHORT,207,RAVEN,ANIMATE,birds,snow,SAME,A,1305.964853032492,0,329916.201054806
SC000,0,STUDY2,ENCODING_SHORT,208,CLAM,ANIMATE,aquatic_species,snow,REARRANGED,A,2016.1357705364935,0,329923.2496850105
SC000,0,STUDY2,ENCODING_SHORT,209,SKATEBOARD,INANIMATE,vehicles,snow,SAME,S,2573.877143964637,0,329930.84919209697
SC000,0,STUDY2,ENCODING_SHORT,210,OSTRICH,ANIMATE,birds,mountain,REARRANGED,A,2139.7230445290916,0,329938.0174224415
SC000,0,STUDY2,ENCODING_SHORT,211,CHARIOT,INANIMATE,vehicles,mountain,REARRANGED,S,951.2487435131334,0,329943.9934744885
SC000,0,STUDY2,ENCODING_SHORT,212,LAWYER,ANIMATE,people,mountain,REARRANGED,A,899.3017305037938,0,329949.9332632725
SC000,0,STUDY2,ENCODING_SHORT,213,PHONE,INANIMATE,furniture,glacier,SAME,S,1368.6236729845405,0,329956.326677114
SC000,0,STUDY2,ENCODING_SHORT,214,SAILBOAT,INANIMATE,vehicles,glacier,SAME,S,1966.3952180417255,0,329963.31694587204
SC000,0,STUDY2,ENCODING_SHORT,215,TEACHER,ANIMATE,people,glacier,REARRANGED,A,1532.6922310050577,0,329969.874058055
SC000,0,TEST,RETRIEVAL_SHORT,0,SQUIRREL,ANIMATE,mammals,mountain,SAME,G,2527.9527669772506,0,330371.696176479
SC000,0,TEST,RETRIEVAL_LONG,1,DRYER,INANIMATE,furniture,canyon,REARRANGED,H,2672.2651534946635,0,330379.4071122225
SC000,0,TEST,RETRIEVAL_SHORT,2,ORCA,ANIMATE,aquatic_species,mountain,SAME,G,1876.1743024806492,0,330386.31105168746
SC000,0,TEST,RETRIEVAL_LONG,3,JEEP,INANIMATE,vehicles,canyon,SAME,G,1526.2443809770048,0,330392.867606184
SC000,0,TEST,RETRIEVAL_SHORT,4,OYSTER,ANIMATE,aquatic_species,mountain,SAME,G,2168.2960169855505,0,330400.06000422896
SC000,0,TEST,NEW_NOUN,5,CAPE,INANIMATE,clothing,beach,NEW,F,2078.340545471292,0,330407.1785014805
SC000,0,TEST,RETRIEVAL_LONG,6,PIG,ANIMATE,mammals,canyon,REARRANGED,H,1953.7331844912842,0,330414.1629118535
SC000,0,TEST,RETRIEVAL_LONG,7,HELICOPTER,INANIMATE,vehicles,beach,SAME,G,1763.4571454836987,0,330420.9636651965
SC000,0,TEST,RETRIEVAL_SHORT,8,GARDENER,ANIMATE,people,snow,SAME,G,3530.979656963609,0,330429.53464494797
SC000,0,TEST,RETRIEVAL_LONG,9,OVERALLS,INANIMATE,clothing,beach,SAME,G,1698.1266004731879,0,330436.2598872285
SC000,0,TEST,NEW_NOUN,10,GARLIC,INANIMATE,food,sand_dunes,NEW,F,1522.7969145053066,0,330442.8081830195
SC000,0,TEST,RETRIEVAL_LONG,11,GIRAFFE,ANIMATE,mammals,beach,SAME,G,1282.0398419862613,0,330449.119668575
SC000,0,TEST,RETRIEVAL_SHORT,12,RADIO,INANIMATE,furniture,mountain,SAME,G,1430.0985434674658,0,330455.5800314845
SC000,0,TEST,RETRIEVAL_LONG,13,MITTEN,INANIMATE,clothing,canyon,SAME,G,1770.521799044218,0,330462.374112937
SC000,0,TEST,RETRIEVAL_SHORT,14,SKATEBOARD,INANIMATE,vehicles,snow,SAME,G,1610.6201689690351,0,330469.026856308
SC000,0,TEST,RETRIEVAL_SHORT,15,VASE,INANIMATE,furniture,snow,SAME,G,1247.8760635131039,0,330475.3430320575
SC000,0,TEST,RETRIEVAL_LONG,16,SKUNK,ANIMATE,mammals,beach,SAME,G,1410.349601006601,0,330481.794466236
SC000,0,TEST,RETRIEVAL_SHORT,17,CLAM,ANIMATE,aquatic_species,mountain,REARRANGED,H,2952.1522714640014,0,330489.7736844345
SC000,0,TEST,RETRIEVAL_LONG,18,SWEATER,INANIMATE,clothing,beach,REARRANGED,H,2627.664238505531,0,330497.4247045845
SC000,0,TEST,NEW_NOUN,19,DOVE,ANIMATE,birds,canyon,NEW,F,1553.8326149689965,0,330504.00702629297
SC000,0,TEST,RETRIEVAL_LONG,20,SANDAL,INANIMATE,clothing,sand_dunes,SAME,G,1062.233077478595,0,330510.1001850375
SC000,0,TEST,NEW_NOUN,21,CURTAIN,INANIMATE,furniture,glacier,NEW,F,1369.811873533763,0,330516.5109246195
SC000,0,TEST,RETRIEVAL_LONG,22,OFFICER,ANIMATE,people,sand_dunes,SAME,G,2732.9734814702533,0,330524.2768178325
SC000,0,TEST,NEW_NOUN,23,SALAD,INANIMATE,food,mountain,NEW,F,2198.052609572187,0,330531.49920648756
SC000,0,TEST,NEW_NOUN,24,CLOCK,INANIMATE,furniture,beach,NEW,F,2544.061098480597,0,330539.0820799875
SC000,0,TEST,RETRIEVAL_SHORT,25,VEST,INANIMATE,clothing,mountain,REARRANGED,H,2489.4511654856615,0,330546.5987347365
SC000,0,TEST,RETRIEVAL_LONG,26,SLUG,ANIMATE,aquatic_species,beach,REARRANGED,H,1601.7092385445721,0,330553.23293523653
SC000,0,TEST,RETRIEVAL_LONG,27,SKIRT,INANIMATE,clothing,sand_dunes,REARRANGED,H,1412.8836004529148,0,330559.6843761235
SC000,0,TEST,NEW_NOUN,28,GLASSES,INANIMATE,clothing,glacier,NEW,F,2905.254396959208,0,330567.61637716996
SC000,0,TEST,RETRIEVAL_SHORT,29,ACTOR,ANIMATE,people,glacier,SAME,G,1367.2920595272444,0,330574.0087551635
SC000,0,TEST,RETRIEVAL_LONG,30,TANK,INANIMATE,vehicles,canyon,SAME,G,1045.177626016084,0,330580.078042529
SC000,0,TEST,NEW_NOUN,31,RAINCOAT,INANIMATE,clothing,mountain,NEW,F,1355.8698249980807,0,330586.45834485
SC000,0,TEST,RETRIEVAL_SHORT,32,COUCH,INANIMATE,furniture,snow,REARRANGED,H,1360.7108959695324,0,330592.859031318
SC000,0,TEST,NEW_NOUN,33,STINGRAY,ANIMATE,aquatic_species,mountain,NEW,F,1313.3522529969923,0,330599.201466764
SC000,0,TEST,RETRIEVAL_SHORT,34,STORK,ANIMATE,birds,glacier,REARRANGED,H,1806.669364508707,0,330606.0480404005
SC000,0,TEST,RETRIEVAL_SHORT,35,DUCK,ANIMATE,birds,mountain,SAME,G,2047.2417534911074,0,330613.1330792605
SC000,0,TEST,NEW_NOUN,36,LLAMA,ANIMATE,mammals,canyon,NEW,F,1130.200651998166,0,330619.289915642
SC000,0,TEST,NEW_NOUN,37,CRIB,INANIMATE,furniture,sand_dunes,NEW,H,2506.653542513959,0,330626.8257213795
SC000,0,TEST,RETRIEVAL_LONG,38,NECKLACE,INANIMATE,clothing,sand_dunes,SAME,G,3227.490338496864,0,330635.08218701347
SC000,0,TEST,RETRIEVAL_LONG,39,CARPENTER,ANIMATE,people,beach,SAME,G,1998.5805670148693,0,330642.123138278
SC000,0,TEST,NEW_NOUN,40,BUTCHER,ANIMATE,people,beach,NEW,F,2262.67884549452,0,330649.4135678485
SC000,0,TEST,RETRIEVAL_SHORT,41,TIGER,ANIMATE,mammals,mountain,REARRANGED,G,2413.3041219902225,0,330656.85306017497
SC000,0,TEST,RETRIEVAL_SHORT,42,DIAPER,INANIMATE,clothing,glacier,SAME,G,1208.3103664335795,0,330663.08847918746
SC000,0,TEST,RETRIEVAL_LONG,43,ROCKET,INANIMATE,vehicles,canyon,REARRANGED,H,2146.975840034429,0,330670.279497442
SC000,0,TEST,RETRIEVAL_SHORT,44,KIWI,INANIMATE,food,snow,SAME,F,2223.821076506283,0,330677.5279703935
SC000,0,TEST,RETRIEVAL_LONG,45,PANDA,ANIMATE,mammals,sand_dunes,REARRANGED,H,1682.3250619927421,0,330684.237929048
SC000,0,TEST,RETRIEVAL_SHORT,46,DOCTOR,ANIMATE,people,mountain,SAME,G,1275.0175944529474,0,330690.53703204147
SC000,0,TEST,RETRIEVAL_SHORT,47,TEACHER,ANIMATE,people,snow,REARRANGED,H,2617.4210010212846,0,330698.183626917
SC000,0,TEST,RETRIEVAL_SHORT,48,PELICAN,ANIMATE,birds,glacier,SAME,G,1822.7132849860936,0,330705.035694015
SC000,0,TEST,NEW_NOUN,49,APRON,INANIMATE,clothing,snow,NEW,H,664.3759204889648,0,330710.7272146655
SC000,0,TEST,NEW_NOUN,50,SCOOTER,INANIMATE,vehicles,beach,NEW,F,2542.192013002932,0,330718.294118873
SC000,0,TEST,RETRIEVAL_LONG,51,PIZZA,INANIMATE,food,sand_dunes,REARRANGED,G,2084.153031988535,0,330725.418383269
SC000,0,TEST,RETRIEVAL_SHORT,52,PHONE,INANIMATE,furniture,glacier,SAME,G,1242.9281374788843,0,330731.6891113455
SC000,0,TEST,RETRIEVAL_SHORT,53,OSTRICH,ANIMATE,birds,snow,REARRANGED,H,1617.0770744793117,0,330738.3337864695
SC000,0,TEST,RETRIEVAL_LONG,54,CHAIR,INANIMATE,furniture,sand_dunes,REARRANGED,H,2623.2233215123415,0,330745.98568177153
SC000,0,TEST,RETRIEVAL_SHORT,55,GOOSE,ANIMATE,birds,mountain,SAME,G,1326.9223600509576,0,330752.342194573
SC000,0,TEST,RETRIEVAL_LONG,56,PILOT,ANIMATE,people,sand_dunes,REARRANGED,H,2478.3109555137344,0,330759.8488620895
SC000,0,TEST,NEW_NOUN,57,ANCHOVY,ANIMATE,aquatic_species,beach,NEW,F,1610.9529315144755,0,330766.4892273955
SC000,0,TEST,NEW_NOUN,58,DENTIST,ANIMATE,people,snow,NEW,F,2106.7297350382432,0,330773.62370185
SC000,0,TEST,RETRIEVAL_SHORT,59,DONUT,INANIMATE,food,snow,REARRANGED,H,1641.8894054950215,0,330780.2954124515
SC000,0,TEST,RETRIEVAL_SHORT,60,COOKIE,INANIMATE,food,glacier,SAME,G,1051.9934275071137,0,330786.3770952545
SC000,0,TEST,RETRIEVAL_SHORT,61,LAMP,INANIMATE,furniture,mountain,REARRANGED,F,1514.6897160448134,0,330792.919811203
SC000,0,TEST,RETRIEVAL_LONG,62,HONEY,INANIMATE,food,canyon,SAME,G,1135.3049169993028,0,330799.096426701
SC000,0,TEST,NEW_NOUN,63,BEAR,ANIMATE,mammals,mountain,NEW,G,2496.668078470975,0,330806.61771926645
SC000,0,TEST,RETRIEVAL_SHORT,64,THRONE,INANIMATE,furniture,mountain,SAME,G,913.3619935601018,0,330812.56115799455
SC000,0,TEST,NEW_NOUN,65,COD,ANIMATE,aquatic_species,canyon,NEW,F,1385.5105999391526,0,330818.98633255996
SC000,0,TEST,RETRIEVAL_LONG,66,MUFFIN,INANIMATE,food,beach,REARRANGED,H,2030.2255135029554,0,330826.0612082505
SC000,0,TEST,NEW_NOUN,67,MOUSE,ANIMATE,mammals,sand_dunes,NEW,F,1560.0078499992378,0,330832.645557384
SC000,0,TEST,RETRIEVAL_SHORT,68,LOBSTER,ANIMATE,aquatic_species,glacier,SAME,G,976.3255679863505,0,330838.658088564
SC000,0,TEST,RETRIEVAL_LONG,69,WHALE,ANIMATE,aquatic_species,canyon,SAME,G,1265.6656950130127,0,330844.94786246
SC000,0,TEST,RETRIEVAL_SHORT,70,GORILLA,ANIMATE,mammals,mountain,SAME,G,949.2100444622338,0,330850.93639921246
SC000,0,TEST,RETRIEVAL_SHORT,71,CHEESE,INANIMATE,food,mountain,SAME,G,1218.5033515561372,0,330857.17891951953
SC000,0,TEST,RETRIEVAL_LONG,72,TOGA,INANIMATE,clothing,canyon,REARRANGED,H,2127.66041548457,0,330864.3313748925
SC000,0,TEST,RETRIEVAL_LONG,73,YOGURT,INANIMATE,food,canyon,SAME,G,1342.5125984940678,0,330870.7141950535
SC000,0,TEST,RETRIEVAL_LONG,74,BULLDOZER,INANIMATE,vehicles,sand_dunes,REARRANGED,H,1981.3114710268565,0,330877.721704824
SC000,0,TEST,NEW_NOUN,75,SWAN,ANIMATE,birds,sand_dunes,NEW,F,1995.655072038062,0,330884.741774232
SC000,0,TEST,RETRIEVAL_SHORT,76,PORPOISE,ANIMATE,aquatic_species,snow,SAME,G,1510.8255670056678,0,330891.27706319303
SC000,0,TEST,RETRIEVAL_SHORT,77,RAVEN,ANIMATE,birds,snow,SAME,G,1143.56786001008,0,330897.445904067
SC000,0,TEST,NEW_NOUN,78,RABBIT,ANIMATE,mammals,beach,NEW,F,1254.4921839726157,0,330903.729681213
SC000,0,TEST,RETRIEVAL_SHORT,79,ORANGE,INANIMATE,food,mountain,REARRANGED,G,1050.2113555558026,0,330909.80515324755
SC000,0,TEST,RETRIEVAL_SHORT,80,SAILBOAT,INANIMATE,vehicles,glacier,SAME,G,1363.9165759668685,0,330916.192795811
SC000,0,TEST,RETRIEVAL_LONG,81,WOODPECKER,ANIMATE,birds,sand_dunes,SAME,G,1401.901493954938,0,330922.621997131
SC000,0,TEST,RETRIEVAL_LONG,82,SOCK,INANIMATE,clothing,canyon,SAME,G,1135.9845594852231,0,330928.7856512745
SC000,0,TEST,NEW_NOUN,83,WAFFLE,INANIMATE,food,beach,NEW,F,1109.7412654780783,0,330934.9224532285
SC000,0,TEST,RETRIEVAL_LONG,84,PARROT,ANIMATE,birds,canyon,SAME,G,1034.8543605068699,0,330940.9830529435
SC000,0,TEST,RETRIEVAL_LONG,85,CAKE,INANIMATE,food,sand_dunes,SAME,G,1433.971948979888,0,330947.443561629
SC000,0,TEST,RETRIEVAL_SHORT,86,BASKET,INANIMATE,furniture,snow,SAME,G,998.1681694625877,0,330953.4821226675
SC000,0,TEST,RETRIEVAL_LONG,87,WOLF,ANIMATE,mammals,canyon,SAME,G,1166.418505483307,0,330959.6765228215
SC000,0,TEST,NEW_NOUN,88,JOURNALIST,ANIMATE,people,sand_dunes,NEW,F,2151.6257114708424,0,330966.8673616925
SC000,0,TEST,NEW_NOUN,89,WALRUS,ANIMATE,aquatic_species,snow,NEW,F,1337.0756235090084,0,330973.2466669585
SC000,0,TEST,RETRIEVAL_SHORT,90,ARCHITECT,ANIMATE,people,mountain,REARRANGED,G,2142.8643465042114,0,330980.4298164675
SC000,0,TEST,RETRIEVAL_SHORT,91,BOOT,INANIMATE,clothing,glacier,SAME,G,1519.3879075231962,0,330986.97840547655
SC000,0,TEST,RETRIEVAL_LONG,92,KETCHUP,INANIMATE,food,beach,SAME,G,1718.3910639723763,0,330993.727262921
SC000,0,TEST,RETRIEVAL_LONG,93,HEN,ANIMATE,birds,canyon,SAME,G,1261.7171799647622,0,331000.013239512
SC000,0,TEST,RETRIEVAL_LONG,94,TURKEY,ANIMATE,birds,beach,SAME,H,2259.245721041225,0,331007.30438842403
SC000,0,TEST,RETRIEVAL_SHORT,95,CORAL,ANIMATE,aquatic_species,glacier,REARRANGED,H,2355.8917160262354,0,331014.685329015
SC000,0,TEST,NEW_NOUN,96,COYOTE,ANIMATE,mammals,snow,NEW,F,1268.9939279807732,0,331020.978858914
SC000,0,TEST,RETRIEVAL_SHORT,97,MUSTARD,INANIMATE,food,mountain,SAME,G,1916.4929360267706,0,331027.935476189
SC000,0,TEST,RETRIEVAL_LONG,98,FLAMINGO,ANIMATE,birds,beach,REARRANGED,H,2221.5159540064633,0,331035.181926448
SC000,0,TEST,RETRIEVAL_SHORT,99,DOG,ANIMATE,mammals,snow,SAME,G,1202.4964385200292,0,331041.4148598825
SC000,0,TEST,RETRIEVAL_LONG,100,KOALA,ANIMATE,mammals,canyon,SAME,G,1478.330890997313,0,331047.919889704
SC000,0,TEST,RETRIEVAL_SHORT,101,SANDWICH,INANIMATE,food,glacier,SAME,G,1156.7538304952905,0,331054.10024336947
SC000,0,TEST,NEW_NOUN,102,RING,INANIMATE,clothing,sand_dunes,NEW,F,1669.6473499760032,0,331060.81089395
SC000,0,TEST,RETRIEVAL_SHORT,103,JET,INANIMATE,vehicles,mountain,REARRANGED,H,411.3352190470323,0,331066.26254796004
SC000,0,TEST,RETRIEVAL_LONG,104,SEAGULL,ANIMATE,birds,beach,SAME,G,1902.6398155256175,0,331073.1929349805
SC000,0,TEST,RETRIEVAL_LONG,105,BUFFALO,ANIMATE,mammals,sand_dunes,SAME,G,1550.128097529523,0,331079.7676437235
SC000,0,TEST,NEW_NOUN,106,BED,INANIMATE,furniture,snow,NEW,F,1292.457629519049,0,331086.0860910255
SC000,0,TEST,RETRIEVAL_LONG,107,HAWK,ANIMATE,birds,sand_dunes,REARRANGED,H,1725.2005949849263,0,331092.840818424
SC000,0,TEST,RETRIEVAL_LONG,108,OVEN,INANIMATE,furniture,beach,SAME,G,1152.481416997034,0,331099.023389332
SC000,0,TEST,RETRIEVAL_LONG,109,MIRROR,INANIMATE,furniture,canyon,SAME,G,1329.7294310177676,0,331105.39180329803
SC000,0,TEST,RETRIEVAL_SHORT,110,LAWYER,ANIMATE,people,glacier,REARRANGED,H,3638.143483432941,0,331114.05801880546
SC000,0,TEST,RETRIEVAL_LONG,111,STROLLER,INANIMATE,vehicles,beach,REARRANGED,H,1840.3177929576486,0,331120.93689765397
SC000,0,TEST,RETRIEVAL_LONG,112,GRILL,INANIMATE,furniture,beach,SAME,G,1520.0590700260364,0,331127.489289275
SC000,0,TEST,RETRIEVAL_SHORT,113,BIKINI,INANIMATE,clothing,snow,SAME,G,1796.948206028901,0,331134.321100089
SC000,0,TEST,NEW_NOUN,114,TRAILER,INANIMATE,vehicles,glacier,NEW,H,2427.919221459888,0,331141.7906811475
SC000,0,TEST,NEW_NOUN,115,NURSE,ANIMATE,people,glacier,NEW,F,2317.857178975828,0,331149.14354295295
SC000,0,TEST,RETRIEVAL_SHORT,116,HAMMOCK,INANIMATE,furniture,glacier,SAME,G,1452.9960525105707,0,331155.6359633655
SC000,0,TEST,RETRIEVAL_LONG,117,JELLYFISH,ANIMATE,aquatic_species,sand_dunes,REARRANGED,H,1402.3727029561996,0,331162.079433091
SC000,0,TEST,RETRIEVAL_LONG,118,STUDENT,ANIMATE,people,canyon,SAME,G,1930.0280984607525,0,331169.03634172946
SC000,0,TEST,RETRIEVAL_SHORT,119,GOAT,ANIMATE,mammals,snow,SAME,G,2587.5926744774915,0,331176.6489993625
SC000,0,TEST,RETRIEVAL_LONG,120,JAGUAR,ANIMATE,mammals,sand_dunes,SAME,G,1482.1288805105723,0,331183.1743995365
SC000,0,TEST,RETRIEVAL_SHORT,121,CANOE,INANIMATE,vehicles,glacier,REARRANGED,H,2453.2650079927407,0,331190.66694690497
SC000,0,TEST,NEW_NOUN,122,PANCAKE,INANIMATE,food,snow,NEW,F,1423.84350951761,0,331197.1154737215
SC000,0,TEST,RETRIEVAL_SHORT,123,WASHER,INANIMATE,furniture,glacier,REARRANGED,H,2041.3438265095465,0,331204.1864627965
SC000,0,TEST,NEW_NOUN,124,DOLPHIN,ANIMATE,aquatic_species,glacier,NEW,F,1955.2141455351375,0,331211.18241394055
SC000,0,TEST,RETRIEVAL_SHORT,125,EAGLE,ANIMATE,birds,mountain,REARRANGED,G,1968.8458715099841,0,331218.1904689545
SC000,0,TEST,RETRIEVAL_SHORT,126,TUNA,ANIMATE,aquatic_species,snow,SAME,G,1929.220742546022,0,331225.1585708655
SC000,0,TEST,RETRIEVAL_SHORT,127,VULTURE,ANIMATE,birds,snow,SAME,G,1213.9612900209613,0,331231.398867491
SC000,0,TEST,NEW_NOUN,128,TROLLEY,INANIMATE,vehicles,snow,NEW,F,1718.5118320048787,0,331238.15622257
SC000,0,TEST,NEW_NOUN,129,BANANA,INANIMATE,food,canyon,NEW,F,1120.9315974847414,0,331244.3176260225
SC000,0,TEST,RETRIEVAL_LONG,130,FOX,ANIMATE,mammals,beach,REARRANGED,G,1607.3606815189123,0,331250.9501219315
SC000,0,TEST,NEW_NOUN,131,VAN,INANIMATE,vehicles,mountain,NEW,F,2488.880631979555,0,331258.463964052
SC000,0,TEST,RETRIEVAL_LONG,132,ALMOND,INANIMATE,food,beach,SAME,G,963.0104364478029,0,331264.4564699695
SC000,0,TEST,RETRIEVAL_LONG,133,PRIEST,ANIMATE,people,canyon,REARRANGED,H,1287.1047425433062,0,331270.7693576025
SC000,0,TEST,RETRIEVAL_SHORT,134,BRACELET,INANIMATE,clothing,glacier,REARRANGED,H,3124.6187450014986,0,331278.928121901
SC000,0,TEST,RETRIEVAL_SHORT,135,DETECTIVE,ANIMATE,people,glacier,SAME,G,2033.4725294960663,0,331285.9904031695
SC000,0,TEST,RETRIEVAL_LONG,136,SINGER,ANIMATE,people,sand_dunes,SAME,G,1664.4228259683587,0,331292.694715063
SC000,0,TEST,NEW_NOUN,137,PIANO,INANIMATE,furniture,mountain,NEW,G,2480.479150544852,0,331300.2010425705
SC000,0,TEST,RETRIEVAL_SHORT,138,CHARIOT,INANIMATE,vehicles,snow,REARRANGED,H,1356.1851005069911,0,331306.5977299685
SC000,0,TEST,RETRIEVAL_SHORT,139,SALMON,ANIMATE,aquatic_species,glacier,SAME,G,1105.8407035307027,0,331312.7326598995
SC000,0,TEST,RETRIEVAL_LONG,140,TOILET,INANIMATE,furniture,sand_dunes,SAME,G,1707.3091504862532,0,331319.4650414565
SC000,0,TEST,RETRIEVAL_LONG,141,SEAL,ANIMATE,aquatic_species,beach,SAME,G,1218.8910859404132,0,331325.71156466997
SC000,0,TEST,RETRIEVAL_LONG,142,DANCER,ANIMATE,people,beach,SAME,G,1120.8273934898898,0,331331.8629522065
SC000,0,TEST,RETRIEVAL_LONG,143,STOOL,INANIMATE,furniture,sand_dunes,SAME,G,1303.6550050019287,0,331338.196965108
SC000,0,TEST,RETRIEVAL_SHORT,144,SLED,INANIMATE,vehicles,snow,SAME,G,1147.7508780080825,0,331344.383932142
SC000,0,TEST,NEW_NOUN,145,BAKER,ANIMATE,people,mountain,NEW,H,1822.7259995182976,0,331351.2311068145
SC000,0,TEST,RETRIEVAL_SHORT,146,PAINTER,ANIMATE,people,snow,SAME,G,1275.684779509902,0,331357.5362118735
SC000,0,TEST,RETRIEVAL_SHORT,147,HAM,INANIMATE,food,snow,SAME,G,1053.4290440264158,0,331363.628553381
SC000,0,TEST,RETRIEVAL_SHORT,148,HAT,INANIMATE,clothing,mountain,SAME,G,1020.5674449680373,0,331369.69030912
SC000,0,TEST,RETRIEVAL_SHORT,149,SKI,INANIMATE,vehicles,glacier,SAME,G,2030.390060506761,0,331376.7520663175
SC000,0,TEST,RETRIEVAL_SHORT,150,TOUCAN,ANIMATE,birds,glacier,SAME,G,1380.1118809496984,0,331383.16777152
SC000,0,TEST,NEW_NOUN,151,GRAPE,INANIMATE,food,glacier,NEW,F,1368.9906889921986,0,331389.561873827
SC000,0,TEST,RETRIEVAL_LONG,152,JUDGE,ANIMATE,people,beach,REARRANGED,H,2026.6230325214565,0,331396.6286318955
SC000,0,TEST,RETRIEVAL_LONG,153,PILLOW,INANIMATE,furniture,beach,REARRANGED,H,1252.5661415420473,0,331402.9094633535
SC000,0,TEST,NEW_NOUN,154,FINCH,ANIMATE,birds,snow,NEW,F,1279.9346584943123,0,331409.2166984065
SC000,0,TEST,RETRIEVAL_SHORT,155,MONKEY,ANIMATE,mammals,glacier,SAME,G,1044.796688540373,0,331415.2888424915
SC000,0,TEST,NEW_NOUN,156,PLANKTON,ANIMATE,aquatic_species,sand_dunes,NEW,F,1214.0809675329365,0,331421.5343030085
SC000,0,TEST,NEW_NOUN,157,JEANS,INANIMATE,clothing,canyon,NEW,G,2592.181498534046,0,331429.1509651835
SC000,0,TEST,RETRIEVAL_LONG,158,TABLE,INANIMATE,furniture,canyon,SAME,G,993.90989652602,0,331435.1729497375
SC000,0,TEST,NEW_NOUN,159,ZEBRA,ANIMATE,mammals,glacier,NEW,F,2340.9590109367855,0,331442.53897112096
SC000,0,TEST,NEW_NOUN,160,PENGUIN,ANIMATE,birds,mountain,NEW,F,1432.3921235045418,0,331449.0138801065
SC000,0,TEST,NEW_NOUN,161,BIKE,INANIMATE,vehicles,canyon,NEW,F,1681.8811260163784,0,331455.73554597003
SC000,0,TEST,NEW_NOUN,162,LIFEGUARD,ANIMATE,people,canyon,NEW,F,1351.128106471151,0,331462.1130976385
SC000,0,TEST,RETRIEVAL_SHORT,163,NARWHAL,ANIMATE,aquatic_species,snow,REARRANGED,H,3380.2996804588474,0,331470.5208317605
SC000,0,TEST,RETRIEVAL_LONG,164,WAGON,INANIMATE,vehicles,sand_dunes,SAME,G,1547.7957205148414,0,331477.0958840205
SC000,0,TEST,RETRIEVAL_LONG,165,AMBULANCE,INANIMATE,vehicles,beach,SAME,G,2013.060453988146,0,331484.134781759
SC000,0,TEST,RETRIEVAL_LONG,166,CROW,ANIMATE,birds,canyon,REARRANGED,H,1769.5270134718157,0,331490.9446992295
SC000,0,TEST,NEW_NOUN,167,CARDINAL,ANIMATE,birds,glacier,NEW,F,1744.5484244963154,0,331497.7301304065
SC000,0,TEST,RETRIEVAL_SHORT,168,BLOUSE,INANIMATE,clothing,mountain,SAME,G,1458.0720150261186,0,331504.220094081
SC000,0,TEST,RETRIEVAL_SHORT,169,MEAT,INANIMATE,food,glacier,REARRANGED,H,1686.8844889686443,0,331510.933308344
SC000,0,TEST,RETRIEVAL_LONG,170,SHRIMP,ANIMATE,aquatic_species,sand_dunes,SAME,G,1523.8992829690687,0,331517.49739429296
SC000,0,TEST,RETRIEVAL_LONG,171,EEL,ANIMATE,aquatic_species,canyon,REARRANGED,F,2292.381281964481,0,331524.81975824595
SC000,0,TEST,RETRIEVAL_LONG,172,TRACTOR,INANIMATE,vehicles,sand_dunes,SAME,G,2103.864611533936,0,331531.9650593805
SC000,0,TEST,RETRIEVAL_LONG,173,APPLE,INANIMATE,food,canyon,REARRANGED,G,1763.9615060179494,0,331538.76001756603
SC000,0,TEST,RETRIEVAL_SHORT,174,GLOVE,INANIMATE,clothing,snow,SAME,H,2227.295184507966,0,331546.0164290325
SC000,0,TEST,RETRIEVAL_SHORT,175,GOWN,INANIMATE,clothing,snow,REARRANGED,H,1669.0868849982508,0,331552.709528657
SC000,0,TEST,NEW_NOUN,176,OWL,ANIMATE,birds,beach,NEW,F,1562.7186819911003,0,331559.316860859
SC000,0,TEST,RETRIEVAL_LONG,177,OCTOPUS,ANIMATE,aquatic_species,canyon,SAME,G,1349.0517949685454,0,331565.690973365
SC000,0,TEST,NEW_NOUN,178,FERRY,INANIMATE,vehicles,sand_dunes,NEW,F,1228.3406914793886,0,331571.9479338745
SC000,0,TEST,RETRIEVAL_SHORT,179,MOOSE,ANIMATE,mammals,glacier,SAME,G,1376.4085584552959,0,331578.3535203005
SC000,0,TEST,RETRIEVAL_SHORT,180,SHEEP,ANIMATE,mammals,snow,REARRANGED,G,1749.6910860645585,0,331585.14321969205
SC000,0,TEST,RETRIEVAL_SHORT,181,MAGICIAN,ANIMATE,people,mountain,SAME,G,1912.4302665004507,0,331592.0833611005
SC000,0,TEST,RETRIEVAL_SHORT,182,TAXI,INANIMATE,vehicles,mountain,SAME,G,1202.8701910167001,0,331598.313055285
SC000,0,TEST,RETRIEVAL_LONG,183,JAM,INANIMATE,food,sand_dunes,SAME,G,1665.1112964609638,0,331605.00330291747
SC000,0,TEST,RETRIEVAL_SHORT,184,BEAVER,ANIMATE,mammals,glacier,REARRANGED,H,1856.259643973317,0,331611.898695807
SC000,0,TEST,RETRIEVAL_SHORT,185,CAR,INANIMATE,vehicles,mountain,SAME,G,2019.9678789940663,0,331618.94559693197
SC000,0,TEST,RETRIEVAL_LONG,186,CLOWN,ANIMATE,people,canyon,SAME,G,1994.169780984521,0,331625.967910818
SC000,0,TEST,RETRIEVAL_LONG,187,STARFISH,ANIMATE,aquatic_species,beach,SAME,G,1665.6318334280513,0,331632.65863916546
SC000,0,TEST,RETRIEVAL_LONG,188,PANTS,INANIMATE,clothing,beach,SAME,G,880.5119185126387,0,331638.5640951065
SC000,0,TEST,RETRIEVAL_LONG,189,SHARK,ANIMATE,aquatic_species,sand_dunes,SAME,G,1277.9193380265497,0,331644.87018581503
SC000,0,TEST,NEW_NOUN,190,FRIDGE,INANIMATE,furniture,canyon,NEW,F,1344.846242456697,0,331651.2419991675
SC000,0,TEST,RETRIEVAL_LONG,191,ROBIN,ANIMATE,birds,sand_dunes,SAME,G,1140.6055520055816,0,331657.407439509
